[31Dec2025 02:08:13.444] [main/INFO] [cpw.mods.modlauncher.Launcher/MODLAUNCHER]: ModLauncher running: args [--launchTarget, forgeserver, --fml.forgeVersion, 47.3.7, --fml.mcVersion, 1.20.1, --fml.forgeGroup, net.minecraftforge, --fml.mcpVersion, 20230612.114412, nogui]
[31Dec2025 02:08:13.450] [main/INFO] [cpw.mods.modlauncher.Launcher/MODLAUNCHER]: ModLauncher 10.0.9+10.0.9+main.dcd20f30 starting: java version 17.0.17 by Ubuntu; OS Linux arch amd64 version 6.8.0-1030-azure
[31Dec2025 02:08:13.486] [main/DEBUG] [cpw.mods.modlauncher.LaunchServiceHandler/MODLAUNCHER]: Found launch services [fmlclientdev,forgeclient,minecraft,forgegametestserverdev,fmlserveruserdev,fmlclient,fmldatauserdev,forgeserverdev,forgeserveruserdev,forgeclientdev,forgeclientuserdev,forgeserver,forgedatadev,fmlserver,fmlclientuserdev,fmlserverdev,forgedatauserdev,testharness,forgegametestserveruserdev]
[31Dec2025 02:08:13.499] [main/DEBUG] [cpw.mods.modlauncher.NameMappingServiceHandler/MODLAUNCHER]: Found naming services : [srgtomcp]
[31Dec2025 02:08:13.525] [main/DEBUG] [cpw.mods.modlauncher.LaunchPluginHandler/MODLAUNCHER]: Found launch plugins: [mixin,eventbus,slf4jfixer,object_holder_definalize,runtime_enum_extender,capability_token_subclass,accesstransformer,runtimedistcleaner]
[31Dec2025 02:08:13.538] [main/DEBUG] [cpw.mods.modlauncher.TransformationServicesHandler/MODLAUNCHER]: Discovering transformation services
[31Dec2025 02:08:13.543] [main/DEBUG] [net.minecraftforge.fml.loading.FMLPaths/CORE]: Path GAMEDIR is /workspaces/compas/servidor_minecraft
[31Dec2025 02:08:13.544] [main/DEBUG] [net.minecraftforge.fml.loading.FMLPaths/CORE]: Path MODSDIR is /workspaces/compas/servidor_minecraft/mods
[31Dec2025 02:08:13.544] [main/DEBUG] [net.minecraftforge.fml.loading.FMLPaths/CORE]: Path CONFIGDIR is /workspaces/compas/servidor_minecraft/config
[31Dec2025 02:08:13.544] [main/DEBUG] [net.minecraftforge.fml.loading.FMLPaths/CORE]: Path FMLCONFIG is /workspaces/compas/servidor_minecraft/config/fml.toml
[31Dec2025 02:08:13.879] [main/DEBUG] [cpw.mods.modlauncher.TransformationServicesHandler/MODLAUNCHER]: Found additional transformation services from discovery services: 
[31Dec2025 02:08:13.889] [main/INFO] [net.minecraftforge.fml.loading.ImmediateWindowHandler/]: ImmediateWindowProvider not loading because launch target is forgeserver
[31Dec2025 02:08:13.899] [main/DEBUG] [cpw.mods.modlauncher.TransformationServicesHandler/MODLAUNCHER]: Found transformer services : [mixin,fml]
[31Dec2025 02:08:13.899] [main/DEBUG] [cpw.mods.modlauncher.TransformationServicesHandler/MODLAUNCHER]: Transformation services loading
[31Dec2025 02:08:13.900] [main/DEBUG] [cpw.mods.modlauncher.TransformationServiceDecorator/MODLAUNCHER]: Loading service mixin
[31Dec2025 02:08:13.901] [main/DEBUG] [cpw.mods.modlauncher.TransformationServiceDecorator/MODLAUNCHER]: Loaded service mixin
[31Dec2025 02:08:13.901] [main/DEBUG] [cpw.mods.modlauncher.TransformationServiceDecorator/MODLAUNCHER]: Loading service fml
[31Dec2025 02:08:13.902] [main/DEBUG] [net.minecraftforge.fml.loading.LauncherVersion/CORE]: Found FMLLauncher version 1.0
[31Dec2025 02:08:13.902] [main/DEBUG] [net.minecraftforge.fml.loading.FMLLoader/CORE]: FML 1.0 loading
[31Dec2025 02:08:13.902] [main/DEBUG] [net.minecraftforge.fml.loading.FMLLoader/CORE]: FML found ModLauncher version : 10.0.9+10.0.9+main.dcd20f30
[31Dec2025 02:08:13.903] [main/DEBUG] [net.minecraftforge.fml.loading.FMLLoader/CORE]: FML found AccessTransformer version : 8.0.4+66+master.c09db6d7
[31Dec2025 02:08:13.903] [main/DEBUG] [net.minecraftforge.fml.loading.FMLLoader/CORE]: FML found EventBus version : 6.0.5+6.0.5+master.eb8e549b
[31Dec2025 02:08:13.904] [main/DEBUG] [net.minecraftforge.fml.loading.FMLLoader/CORE]: Found Runtime Dist Cleaner
[31Dec2025 02:08:13.905] [main/DEBUG] [net.minecraftforge.fml.loading.FMLLoader/CORE]: FML found CoreMod version : 5.1.6
[31Dec2025 02:08:13.906] [main/DEBUG] [net.minecraftforge.fml.loading.FMLLoader/CORE]: Found ForgeSPI package implementation version 7.0.1+7.0.1+master.d2b38bf6
[31Dec2025 02:08:13.907] [main/DEBUG] [net.minecraftforge.fml.loading.FMLLoader/CORE]: Found ForgeSPI package specification 5
[31Dec2025 02:08:13.907] [main/DEBUG] [cpw.mods.modlauncher.TransformationServiceDecorator/MODLAUNCHER]: Loaded service fml
[31Dec2025 02:08:13.907] [main/DEBUG] [cpw.mods.modlauncher.TransformationServicesHandler/MODLAUNCHER]: Configuring option handling for services
[31Dec2025 02:08:13.917] [main/DEBUG] [cpw.mods.modlauncher.TransformationServicesHandler/MODLAUNCHER]: Transformation services initializing
[31Dec2025 02:08:13.918] [main/DEBUG] [cpw.mods.modlauncher.TransformationServiceDecorator/MODLAUNCHER]: Initializing transformation service mixin
[31Dec2025 02:08:13.932] [main/DEBUG] [mixin/]: MixinService [ModLauncher] was successfully booted in cpw.mods.cl.ModuleClassLoader@7a3d45bd
[31Dec2025 02:08:13.947] [main/INFO] [mixin/]: SpongePowered MIXIN Subsystem Version=0.8.5 Source=union:/workspaces/compas/servidor_minecraft/libraries/org/spongepowered/mixin/0.8.5/mixin-0.8.5.jar%2365!/ Service=ModLauncher Env=SERVER
[31Dec2025 02:08:13.951] [main/DEBUG] [mixin/]: Initialising Mixin Platform Manager
[31Dec2025 02:08:13.951] [main/DEBUG] [mixin/]: Adding mixin platform agents for container ModLauncher Root Container(ModLauncher:4f56a0a2)
[31Dec2025 02:08:13.952] [main/DEBUG] [mixin/]: Instancing new MixinPlatformAgentMinecraftForge for ModLauncher Root Container(ModLauncher:4f56a0a2)
[31Dec2025 02:08:13.952] [main/DEBUG] [mixin/]: MixinPlatformAgentMinecraftForge rejected container ModLauncher Root Container(ModLauncher:4f56a0a2)
[31Dec2025 02:08:13.953] [main/DEBUG] [mixin/]: Instancing new MixinPlatformAgentDefault for ModLauncher Root Container(ModLauncher:4f56a0a2)
[31Dec2025 02:08:13.953] [main/DEBUG] [mixin/]: MixinPlatformAgentDefault accepted container ModLauncher Root Container(ModLauncher:4f56a0a2)
[31Dec2025 02:08:13.956] [main/DEBUG] [cpw.mods.modlauncher.TransformationServiceDecorator/MODLAUNCHER]: Initialized transformation service mixin
[31Dec2025 02:08:13.956] [main/DEBUG] [cpw.mods.modlauncher.TransformationServiceDecorator/MODLAUNCHER]: Initializing transformation service fml
[31Dec2025 02:08:13.956] [main/DEBUG] [net.minecraftforge.fml.loading.FMLServiceProvider/CORE]: Setting up basic FML game directories
[31Dec2025 02:08:13.957] [main/DEBUG] [net.minecraftforge.fml.loading.FMLPaths/CORE]: Path GAMEDIR is /workspaces/compas/servidor_minecraft
[31Dec2025 02:08:13.957] [main/DEBUG] [net.minecraftforge.fml.loading.FMLPaths/CORE]: Path MODSDIR is /workspaces/compas/servidor_minecraft/mods
[31Dec2025 02:08:13.957] [main/DEBUG] [net.minecraftforge.fml.loading.FMLPaths/CORE]: Path CONFIGDIR is /workspaces/compas/servidor_minecraft/config
[31Dec2025 02:08:13.957] [main/DEBUG] [net.minecraftforge.fml.loading.FMLPaths/CORE]: Path FMLCONFIG is /workspaces/compas/servidor_minecraft/config/fml.toml
[31Dec2025 02:08:13.957] [main/DEBUG] [net.minecraftforge.fml.loading.FMLServiceProvider/CORE]: Loading configuration
[31Dec2025 02:08:13.960] [main/DEBUG] [net.minecraftforge.fml.loading.FMLServiceProvider/CORE]: Preparing ModFile
[31Dec2025 02:08:13.963] [main/DEBUG] [net.minecraftforge.fml.loading.FMLServiceProvider/CORE]: Preparing launch handler
[31Dec2025 02:08:13.964] [main/DEBUG] [net.minecraftforge.fml.loading.FMLLoader/CORE]: Using forgeserver as launch service
[31Dec2025 02:08:13.981] [main/DEBUG] [net.minecraftforge.fml.loading.FMLLoader/CORE]: Received command line version data  : VersionInfo[forgeVersion=47.3.7, mcVersion=1.20.1, mcpVersion=20230612.114412, forgeGroup=net.minecraftforge]
[31Dec2025 02:08:13.983] [main/DEBUG] [cpw.mods.modlauncher.TransformationServiceDecorator/MODLAUNCHER]: Initialized transformation service fml
[31Dec2025 02:08:13.984] [main/DEBUG] [cpw.mods.modlauncher.NameMappingServiceHandler/MODLAUNCHER]: Current naming domain is 'srg'
[31Dec2025 02:08:13.985] [main/DEBUG] [cpw.mods.modlauncher.NameMappingServiceHandler/MODLAUNCHER]: Identified name mapping providers {}
[31Dec2025 02:08:13.985] [main/DEBUG] [cpw.mods.modlauncher.TransformationServicesHandler/MODLAUNCHER]: Transformation services begin scanning
[31Dec2025 02:08:13.986] [main/DEBUG] [cpw.mods.modlauncher.TransformationServiceDecorator/MODLAUNCHER]: Beginning scan trigger - transformation service mixin
[31Dec2025 02:08:13.986] [main/DEBUG] [cpw.mods.modlauncher.TransformationServiceDecorator/MODLAUNCHER]: End scan trigger - transformation service mixin
[31Dec2025 02:08:13.986] [main/DEBUG] [cpw.mods.modlauncher.TransformationServiceDecorator/MODLAUNCHER]: Beginning scan trigger - transformation service fml
[31Dec2025 02:08:13.986] [main/DEBUG] [net.minecraftforge.fml.loading.FMLServiceProvider/CORE]: Initiating mod scan
[31Dec2025 02:08:14.000] [main/DEBUG] [net.minecraftforge.fml.loading.moddiscovery.ModListHandler/CORE]: Found mod coordinates from lists: []
[31Dec2025 02:08:14.009] [main/DEBUG] [net.minecraftforge.fml.loading.moddiscovery.ModDiscoverer/CORE]: Found Mod Locators : (mods folder:null),(maven libs:null),(exploded directory:null),(minecraft:null),(userdev classpath:null)
[31Dec2025 02:08:14.010] [main/DEBUG] [net.minecraftforge.fml.loading.moddiscovery.ModDiscoverer/CORE]: Found Dependency Locators : (JarInJar:null)
[31Dec2025 02:08:14.026] [main/DEBUG] [net.minecraftforge.fml.loading.moddiscovery.ModFileParser/LOADING]: Considering mod file candidate /workspaces/compas/servidor_minecraft/mods/alexsmobs-1.22.9.jar
[31Dec2025 02:08:14.064] [main/DEBUG] [net.minecraftforge.fml.loading.moddiscovery.ModFileInfo/LOADING]: Found valid mod file alexsmobs-1.22.9.jar with {alexsmobs} mods - versions {1.22.9}
[31Dec2025 02:08:14.065] [main/DEBUG] [net.minecraftforge.fml.loading.moddiscovery.ModFileParser/LOADING]: Considering mod file candidate /workspaces/compas/servidor_minecraft/mods/architectury-10.1.20-minecraftforge.jar
[31Dec2025 02:08:14.066] [main/DEBUG] [net.minecraftforge.fml.loading.moddiscovery.ModFileInfo/LOADING]: Found valid mod file architectury-10.1.20-minecraftforge.jar with {architectury} mods - versions {9.1.13}
[31Dec2025 02:08:14.066] [main/DEBUG] [net.minecraftforge.fml.loading.moddiscovery.ModFileParser/LOADING]: Considering mod file candidate /workspaces/compas/servidor_minecraft/mods/artifacts-forge-9.5.16.jar
[31Dec2025 02:08:14.069] [main/DEBUG] [net.minecraftforge.fml.loading.moddiscovery.ModFileInfo/LOADING]: Found valid mod file artifacts-forge-9.5.16.jar with {artifacts} mods - versions {9.5.16}
[31Dec2025 02:08:14.071] [main/DEBUG] [net.minecraftforge.fml.loading.moddiscovery.ModFileParser/LOADING]: Considering mod file candidate /workspaces/compas/servidor_minecraft/mods/citadel-2.6.2-1.20.1.jar
[31Dec2025 02:08:14.072] [main/DEBUG] [net.minecraftforge.fml.loading.moddiscovery.ModFileInfo/LOADING]: Found valid mod file citadel-2.6.2-1.20.1.jar with {citadel} mods - versions {2.6.2}
[31Dec2025 02:08:14.073] [main/DEBUG] [net.minecraftforge.fml.loading.moddiscovery.ModFileParser/LOADING]: Considering mod file candidate /workspaces/compas/servidor_minecraft/mods/cloth-config-11.1.136-forge.jar
[31Dec2025 02:08:14.074] [main/DEBUG] [net.minecraftforge.fml.loading.moddiscovery.ModFileInfo/LOADING]: Found valid mod file cloth-config-11.1.136-forge.jar with {cloth_config} mods - versions {11.1.136}
[31Dec2025 02:08:14.075] [main/DEBUG] [net.minecraftforge.fml.loading.moddiscovery.ModFileParser/LOADING]: Considering mod file candidate /workspaces/compas/servidor_minecraft/mods/curios-forge-5.14.1+1.20.1.jar
[31Dec2025 02:08:14.078] [main/DEBUG] [net.minecraftforge.fml.loading.moddiscovery.ModFileInfo/LOADING]: Found valid mod file curios-forge-5.14.1+1.20.1.jar with {curios} mods - versions {5.14.1+1.20.1}
[31Dec2025 02:08:14.079] [main/DEBUG] [net.minecraftforge.fml.loading.moddiscovery.ModFileParser/LOADING]: Considering mod file candidate /workspaces/compas/servidor_minecraft/mods/FarmersDelight-1.20.1-1.2.9.jar
[31Dec2025 02:08:14.080] [main/DEBUG] [net.minecraftforge.fml.loading.moddiscovery.ModFileInfo/LOADING]: Found valid mod file FarmersDelight-1.20.1-1.2.9.jar with {farmersdelight} mods - versions {1.20.1-1.2.9}
[31Dec2025 02:08:14.083] [main/DEBUG] [net.minecraftforge.fml.loading.moddiscovery.ModFileParser/LOADING]: Considering mod file candidate /workspaces/compas/servidor_minecraft/mods/framework-forge-1.20.1-0.7.15.jar
[31Dec2025 02:08:14.084] [main/DEBUG] [net.minecraftforge.fml.loading.moddiscovery.ModFileInfo/LOADING]: Found valid mod file framework-forge-1.20.1-0.7.15.jar with {framework} mods - versions {0.7.15}
[31Dec2025 02:08:14.087] [main/DEBUG] [net.minecraftforge.fml.loading.moddiscovery.ModFileParser/LOADING]: Considering mod file candidate /workspaces/compas/servidor_minecraft/mods/goblintraders-forge-1.20.1-1.11.5.jar
[31Dec2025 02:08:14.088] [main/DEBUG] [net.minecraftforge.fml.loading.moddiscovery.ModFileInfo/LOADING]: Found valid mod file goblintraders-forge-1.20.1-1.11.5.jar with {goblintraders} mods - versions {1.11.5}
[31Dec2025 02:08:14.088] [main/DEBUG] [net.minecraftforge.fml.loading.moddiscovery.ModFileParser/LOADING]: Considering mod file candidate /workspaces/compas/servidor_minecraft/mods/imst-2.1.0.jar
[31Dec2025 02:08:14.090] [main/DEBUG] [net.minecraftforge.fml.loading.moddiscovery.ModFileInfo/LOADING]: Found valid mod file imst-2.1.0.jar with {imst} mods - versions {2.1.0}
[31Dec2025 02:08:14.091] [main/DEBUG] [net.minecraftforge.fml.loading.moddiscovery.ModFileParser/LOADING]: Considering mod file candidate /workspaces/compas/servidor_minecraft/mods/jei-1.20.1-forge-15.20.0.116.jar
[31Dec2025 02:08:14.093] [main/DEBUG] [net.minecraftforge.fml.loading.moddiscovery.ModFileInfo/LOADING]: Found valid mod file jei-1.20.1-forge-15.20.0.116.jar with {jei} mods - versions {15.20.0.116}
[31Dec2025 02:08:14.095] [main/DEBUG] [net.minecraftforge.fml.loading.moddiscovery.ModFileParser/LOADING]: Considering mod file candidate /workspaces/compas/servidor_minecraft/mods/journeymap-1.20.1-5.10.3-forge.jar
[31Dec2025 02:08:14.095] [main/DEBUG] [net.minecraftforge.fml.loading.moddiscovery.ModFileInfo/LOADING]: Found valid mod file journeymap-1.20.1-5.10.3-forge.jar with {journeymap} mods - versions {5.10.3}
[31Dec2025 02:08:14.096] [main/DEBUG] [net.minecraftforge.fml.loading.moddiscovery.ModFileParser/LOADING]: Considering mod file candidate /workspaces/compas/servidor_minecraft/mods/lootr-forge-1.20-0.7.35.93.jar
[31Dec2025 02:08:14.097] [main/DEBUG] [net.minecraftforge.fml.loading.moddiscovery.ModFileInfo/LOADING]: Found valid mod file lootr-forge-1.20-0.7.35.93.jar with {lootr} mods - versions {0.7.35.92}
[31Dec2025 02:08:14.098] [main/DEBUG] [net.minecraftforge.fml.loading.moddiscovery.ModFileParser/LOADING]: Considering mod file candidate /workspaces/compas/servidor_minecraft/mods/mvs-4.1.5-1.20.jar
[31Dec2025 02:08:14.099] [main/DEBUG] [net.minecraftforge.fml.loading.moddiscovery.ModFileInfo/LOADING]: Found valid mod file mvs-4.1.5-1.20.jar with {mvs} mods - versions {4.1.5-1.20-forge}
[31Dec2025 02:08:14.099] [main/DEBUG] [net.minecraftforge.fml.loading.moddiscovery.ModFileParser/LOADING]: Considering mod file candidate /workspaces/compas/servidor_minecraft/mods/SkyVillages-1.0.4-1.19.2-1.20.1-forge-release.jar
[31Dec2025 02:08:14.100] [main/DEBUG] [net.minecraftforge.fml.loading.moddiscovery.ModFileInfo/LOADING]: Found valid mod file SkyVillages-1.0.4-1.19.2-1.20.1-forge-release.jar with {skyvillages} mods - versions {1.0.4}
[31Dec2025 02:08:14.102] [main/DEBUG] [net.minecraftforge.fml.loading.moddiscovery.ModFileParser/LOADING]: Considering mod file candidate /workspaces/compas/servidor_minecraft/mods/Terralith_1.20.x_v2.5.4.jar
[31Dec2025 02:08:14.103] [main/DEBUG] [net.minecraftforge.fml.loading.moddiscovery.ModFileInfo/LOADING]: Found valid mod file Terralith_1.20.x_v2.5.4.jar with {terralith} mods - versions {2.5.4}
[31Dec2025 02:08:14.112] [main/DEBUG] [net.minecraftforge.fml.loading.moddiscovery.ModFileParser/LOADING]: Considering mod file candidate /workspaces/compas/servidor_minecraft/mods/u_team_core-forge-1.20.1-5.1.4.346.jar
[31Dec2025 02:08:14.113] [main/DEBUG] [net.minecraftforge.fml.loading.moddiscovery.ModFileInfo/LOADING]: Found valid mod file u_team_core-forge-1.20.1-5.1.4.346.jar with {uteamcore} mods - versions {5.1.4.346}
[31Dec2025 02:08:14.120] [main/DEBUG] [net.minecraftforge.fml.loading.moddiscovery.ModFileParser/LOADING]: Considering mod file candidate /workspaces/compas/servidor_minecraft/mods/useful_backpacks-forge-1.20.1-2.0.1.124.jar
[31Dec2025 02:08:14.121] [main/DEBUG] [net.minecraftforge.fml.loading.moddiscovery.ModFileInfo/LOADING]: Found valid mod file useful_backpacks-forge-1.20.1-2.0.1.124.jar with {usefulbackpacks} mods - versions {2.0.1.124}
[31Dec2025 02:08:14.122] [main/DEBUG] [net.minecraftforge.fml.loading.moddiscovery.ModFileParser/LOADING]: Considering mod file candidate /workspaces/compas/servidor_minecraft/mods/YungsApi-1.20-Forge-4.0.6.jar
[31Dec2025 02:08:14.123] [main/DEBUG] [net.minecraftforge.fml.loading.moddiscovery.ModFileInfo/LOADING]: Found valid mod file YungsApi-1.20-Forge-4.0.6.jar with {yungsapi} mods - versions {1.20-Forge-4.0.6}
[31Dec2025 02:08:14.124] [main/DEBUG] [net.minecraftforge.fml.loading.moddiscovery.ModFileParser/LOADING]: Considering mod file candidate /workspaces/compas/servidor_minecraft/mods/YungsBetterJungleTemples-1.20-Forge-2.0.5.jar
[31Dec2025 02:08:14.124] [main/DEBUG] [net.minecraftforge.fml.loading.moddiscovery.ModFileInfo/LOADING]: Found valid mod file YungsBetterJungleTemples-1.20-Forge-2.0.5.jar with {betterjungletemples} mods - versions {1.20-Forge-2.0.5}
[31Dec2025 02:08:14.125] [main/DEBUG] [net.minecraftforge.fml.loading.moddiscovery.ModFileParser/LOADING]: Considering mod file candidate /workspaces/compas/servidor_minecraft/mods/YungsBetterMineshafts-1.20-Forge-4.0.4.jar
[31Dec2025 02:08:14.126] [main/DEBUG] [net.minecraftforge.fml.loading.moddiscovery.ModFileInfo/LOADING]: Found valid mod file YungsBetterMineshafts-1.20-Forge-4.0.4.jar with {bettermineshafts} mods - versions {1.20-Forge-4.0.4}
[31Dec2025 02:08:14.126] [main/DEBUG] [net.minecraftforge.fml.loading.moddiscovery.ModFileParser/LOADING]: Considering mod file candidate /workspaces/compas/servidor_minecraft/mods/YungsBetterNetherFortresses-1.20-Forge-2.0.6.jar
[31Dec2025 02:08:14.127] [main/DEBUG] [net.minecraftforge.fml.loading.moddiscovery.ModFileInfo/LOADING]: Found valid mod file YungsBetterNetherFortresses-1.20-Forge-2.0.6.jar with {betterfortresses} mods - versions {1.20-Forge-2.0.6}
[31Dec2025 02:08:14.128] [main/DEBUG] [net.minecraftforge.fml.loading.moddiscovery.ModFileParser/LOADING]: Considering mod file candidate /workspaces/compas/servidor_minecraft/mods/YungsBetterStrongholds-1.20-Forge-4.0.3.jar
[31Dec2025 02:08:14.128] [main/DEBUG] [net.minecraftforge.fml.loading.moddiscovery.ModFileInfo/LOADING]: Found valid mod file YungsBetterStrongholds-1.20-Forge-4.0.3.jar with {betterstrongholds} mods - versions {1.20-Forge-4.0.3}
[31Dec2025 02:08:14.129] [main/DEBUG] [net.minecraftforge.fml.loading.moddiscovery.ModFileParser/LOADING]: Considering mod file candidate /workspaces/compas/servidor_minecraft/mods/YungsBetterWitchHuts-1.20-Forge-3.0.3.jar
[31Dec2025 02:08:14.130] [main/DEBUG] [net.minecraftforge.fml.loading.moddiscovery.ModFileInfo/LOADING]: Found valid mod file YungsBetterWitchHuts-1.20-Forge-3.0.3.jar with {betterwitchhuts} mods - versions {1.20-Forge-3.0.3}
[31Dec2025 02:08:14.209] [main/DEBUG] [net.minecraftforge.fml.loading.moddiscovery.ModFileInfo/LOADING]: Found valid mod file server-1.20.1-20230612.114412-srg.jar with {minecraft} mods - versions {1.20.1}
[31Dec2025 02:08:14.210] [main/DEBUG] [net.minecraftforge.fml.loading.moddiscovery.ModFileParser/LOADING]: Considering mod file candidate /workspaces/compas/servidor_minecraft/libraries/net/minecraftforge/fmlcore/1.20.1-47.3.7/fmlcore-1.20.1-47.3.7.jar
[31Dec2025 02:08:14.211] [main/WARN] [net.minecraftforge.fml.loading.moddiscovery.ModFileParser/LOADING]: Mod file /workspaces/compas/servidor_minecraft/libraries/net/minecraftforge/fmlcore/1.20.1-47.3.7/fmlcore-1.20.1-47.3.7.jar is missing mods.toml file
[31Dec2025 02:08:14.212] [main/DEBUG] [net.minecraftforge.fml.loading.moddiscovery.ModFileParser/LOADING]: Considering mod file candidate /workspaces/compas/servidor_minecraft/libraries/net/minecraftforge/javafmllanguage/1.20.1-47.3.7/javafmllanguage-1.20.1-47.3.7.jar
[31Dec2025 02:08:14.212] [main/WARN] [net.minecraftforge.fml.loading.moddiscovery.ModFileParser/LOADING]: Mod file /workspaces/compas/servidor_minecraft/libraries/net/minecraftforge/javafmllanguage/1.20.1-47.3.7/javafmllanguage-1.20.1-47.3.7.jar is missing mods.toml file
[31Dec2025 02:08:14.213] [main/DEBUG] [net.minecraftforge.fml.loading.moddiscovery.ModFileParser/LOADING]: Considering mod file candidate /workspaces/compas/servidor_minecraft/libraries/net/minecraftforge/lowcodelanguage/1.20.1-47.3.7/lowcodelanguage-1.20.1-47.3.7.jar
[31Dec2025 02:08:14.213] [main/WARN] [net.minecraftforge.fml.loading.moddiscovery.ModFileParser/LOADING]: Mod file /workspaces/compas/servidor_minecraft/libraries/net/minecraftforge/lowcodelanguage/1.20.1-47.3.7/lowcodelanguage-1.20.1-47.3.7.jar is missing mods.toml file
[31Dec2025 02:08:14.214] [main/DEBUG] [net.minecraftforge.fml.loading.moddiscovery.ModFileParser/LOADING]: Considering mod file candidate /workspaces/compas/servidor_minecraft/libraries/net/minecraftforge/mclanguage/1.20.1-47.3.7/mclanguage-1.20.1-47.3.7.jar
[31Dec2025 02:08:14.214] [main/WARN] [net.minecraftforge.fml.loading.moddiscovery.ModFileParser/LOADING]: Mod file /workspaces/compas/servidor_minecraft/libraries/net/minecraftforge/mclanguage/1.20.1-47.3.7/mclanguage-1.20.1-47.3.7.jar is missing mods.toml file
[31Dec2025 02:08:14.239] [main/DEBUG] [net.minecraftforge.fml.loading.moddiscovery.ModFileParser/LOADING]: Considering mod file candidate /workspaces/compas/servidor_minecraft/libraries/net/minecraftforge/forge/1.20.1-47.3.7/forge-1.20.1-47.3.7-universal.jar
[31Dec2025 02:08:14.240] [main/DEBUG] [net.minecraftforge.fml.loading.moddiscovery.ModFileInfo/LOADING]: Found valid mod file forge-1.20.1-47.3.7-universal.jar with {forge} mods - versions {47.3.7}
[31Dec2025 02:08:14.252] [main/DEBUG] [net.minecraftforge.fml.loading.moddiscovery.AbstractJarFileDependencyLocator/]: Failed to load resource META-INF/jarjar/metadata.json from server-1.20.1-20230612.114412-srg.jar, it does not contain dependency information.
[31Dec2025 02:08:14.252] [main/DEBUG] [net.minecraftforge.fml.loading.moddiscovery.AbstractJarFileDependencyLocator/]: Failed to load resource META-INF/jarjar/metadata.json from FarmersDelight-1.20.1-1.2.9.jar, it does not contain dependency information.
[31Dec2025 02:08:14.252] [main/DEBUG] [net.minecraftforge.fml.loading.moddiscovery.AbstractJarFileDependencyLocator/]: Failed to load resource META-INF/jarjar/metadata.json from useful_backpacks-forge-1.20.1-2.0.1.124.jar, it does not contain dependency information.
[31Dec2025 02:08:14.252] [main/DEBUG] [net.minecraftforge.fml.loading.moddiscovery.AbstractJarFileDependencyLocator/]: Failed to load resource META-INF/jarjar/metadata.json from SkyVillages-1.0.4-1.19.2-1.20.1-forge-release.jar, it does not contain dependency information.
[31Dec2025 02:08:14.252] [main/DEBUG] [net.minecraftforge.fml.loading.moddiscovery.AbstractJarFileDependencyLocator/]: Failed to load resource META-INF/jarjar/metadata.json from YungsBetterWitchHuts-1.20-Forge-3.0.3.jar, it does not contain dependency information.
[31Dec2025 02:08:14.253] [main/DEBUG] [net.minecraftforge.fml.loading.moddiscovery.AbstractJarFileDependencyLocator/]: Failed to load resource META-INF/jarjar/metadata.json from alexsmobs-1.22.9.jar, it does not contain dependency information.
[31Dec2025 02:08:14.253] [main/DEBUG] [net.minecraftforge.fml.loading.moddiscovery.AbstractJarFileDependencyLocator/]: Failed to load resource META-INF/jarjar/metadata.json from jei-1.20.1-forge-15.20.0.116.jar, it does not contain dependency information.
[31Dec2025 02:08:14.253] [main/DEBUG] [net.minecraftforge.fml.loading.moddiscovery.AbstractJarFileDependencyLocator/]: Failed to load resource META-INF/jarjar/metadata.json from goblintraders-forge-1.20.1-1.11.5.jar, it does not contain dependency information.
[31Dec2025 02:08:14.253] [main/DEBUG] [net.minecraftforge.fml.loading.moddiscovery.AbstractJarFileDependencyLocator/]: Failed to load resource META-INF/jarjar/metadata.json from curios-forge-5.14.1+1.20.1.jar, it does not contain dependency information.
[31Dec2025 02:08:14.253] [main/DEBUG] [net.minecraftforge.fml.loading.moddiscovery.AbstractJarFileDependencyLocator/]: Failed to load resource META-INF/jarjar/metadata.json from journeymap-1.20.1-5.10.3-forge.jar, it does not contain dependency information.
[31Dec2025 02:08:14.253] [main/DEBUG] [net.minecraftforge.fml.loading.moddiscovery.AbstractJarFileDependencyLocator/]: Failed to load resource META-INF/jarjar/metadata.json from citadel-2.6.2-1.20.1.jar, it does not contain dependency information.
[31Dec2025 02:08:14.254] [main/DEBUG] [net.minecraftforge.fml.loading.moddiscovery.AbstractJarFileDependencyLocator/]: Failed to load resource META-INF/jarjar/metadata.json from YungsApi-1.20-Forge-4.0.6.jar, it does not contain dependency information.
[31Dec2025 02:08:14.254] [main/DEBUG] [net.minecraftforge.fml.loading.moddiscovery.AbstractJarFileDependencyLocator/]: Failed to load resource META-INF/jarjar/metadata.json from YungsBetterStrongholds-1.20-Forge-4.0.3.jar, it does not contain dependency information.
[31Dec2025 02:08:14.254] [main/DEBUG] [net.minecraftforge.fml.loading.moddiscovery.AbstractJarFileDependencyLocator/]: Failed to load resource META-INF/jarjar/metadata.json from u_team_core-forge-1.20.1-5.1.4.346.jar, it does not contain dependency information.
[31Dec2025 02:08:14.254] [main/DEBUG] [net.minecraftforge.fml.loading.moddiscovery.AbstractJarFileDependencyLocator/]: Failed to load resource META-INF/jarjar/metadata.json from mvs-4.1.5-1.20.jar, it does not contain dependency information.
[31Dec2025 02:08:14.254] [main/DEBUG] [net.minecraftforge.fml.loading.moddiscovery.AbstractJarFileDependencyLocator/]: Failed to load resource META-INF/jarjar/metadata.json from architectury-10.1.20-minecraftforge.jar, it does not contain dependency information.
[31Dec2025 02:08:14.254] [main/DEBUG] [net.minecraftforge.fml.loading.moddiscovery.AbstractJarFileDependencyLocator/]: Failed to load resource META-INF/jarjar/metadata.json from lootr-forge-1.20-0.7.35.93.jar, it does not contain dependency information.
[31Dec2025 02:08:14.255] [main/DEBUG] [net.minecraftforge.fml.loading.moddiscovery.AbstractJarFileDependencyLocator/]: Failed to load resource META-INF/jarjar/metadata.json from Terralith_1.20.x_v2.5.4.jar, it does not contain dependency information.
[31Dec2025 02:08:14.255] [main/DEBUG] [net.minecraftforge.fml.loading.moddiscovery.AbstractJarFileDependencyLocator/]: Failed to load resource META-INF/jarjar/metadata.json from framework-forge-1.20.1-0.7.15.jar, it does not contain dependency information.
[31Dec2025 02:08:14.255] [main/DEBUG] [net.minecraftforge.fml.loading.moddiscovery.AbstractJarFileDependencyLocator/]: Failed to load resource META-INF/jarjar/metadata.json from imst-2.1.0.jar, it does not contain dependency information.
[31Dec2025 02:08:14.255] [main/DEBUG] [net.minecraftforge.fml.loading.moddiscovery.AbstractJarFileDependencyLocator/]: Failed to load resource META-INF/jarjar/metadata.json from YungsBetterNetherFortresses-1.20-Forge-2.0.6.jar, it does not contain dependency information.
[31Dec2025 02:08:14.255] [main/DEBUG] [net.minecraftforge.fml.loading.moddiscovery.AbstractJarFileDependencyLocator/]: Failed to load resource META-INF/jarjar/metadata.json from cloth-config-11.1.136-forge.jar, it does not contain dependency information.
[31Dec2025 02:08:14.255] [main/DEBUG] [net.minecraftforge.fml.loading.moddiscovery.AbstractJarFileDependencyLocator/]: Failed to load resource META-INF/jarjar/metadata.json from forge-1.20.1-47.3.7-universal.jar, it does not contain dependency information.
[31Dec2025 02:08:14.255] [main/DEBUG] [net.minecraftforge.fml.loading.moddiscovery.AbstractJarFileDependencyLocator/]: Failed to load resource META-INF/jarjar/metadata.json from YungsBetterMineshafts-1.20-Forge-4.0.4.jar, it does not contain dependency information.
[31Dec2025 02:08:14.255] [main/DEBUG] [net.minecraftforge.fml.loading.moddiscovery.AbstractJarFileDependencyLocator/]: Failed to load resource META-INF/jarjar/metadata.json from YungsBetterJungleTemples-1.20-Forge-2.0.5.jar, it does not contain dependency information.
[31Dec2025 02:08:14.256] [main/DEBUG] [net.minecraftforge.fml.loading.moddiscovery.AbstractJarFileDependencyLocator/]: Failed to load resource META-INF/jarjar/metadata.json from mclanguage-1.20.1-47.3.7.jar, it does not contain dependency information.
[31Dec2025 02:08:14.256] [main/DEBUG] [net.minecraftforge.fml.loading.moddiscovery.AbstractJarFileDependencyLocator/]: Failed to load resource META-INF/jarjar/metadata.json from javafmllanguage-1.20.1-47.3.7.jar, it does not contain dependency information.
[31Dec2025 02:08:14.256] [main/DEBUG] [net.minecraftforge.fml.loading.moddiscovery.AbstractJarFileDependencyLocator/]: Failed to load resource META-INF/jarjar/metadata.json from fmlcore-1.20.1-47.3.7.jar, it does not contain dependency information.
[31Dec2025 02:08:14.256] [main/DEBUG] [net.minecraftforge.fml.loading.moddiscovery.AbstractJarFileDependencyLocator/]: Failed to load resource META-INF/jarjar/metadata.json from lowcodelanguage-1.20.1-47.3.7.jar, it does not contain dependency information.
[31Dec2025 02:08:14.309] [main/DEBUG] [net.minecraftforge.fml.loading.moddiscovery.ModFileParser/LOADING]: Considering mod file candidate 
[31Dec2025 02:08:14.313] [main/DEBUG] [net.minecraftforge.fml.loading.moddiscovery.ModFileInfo/LOADING]: Found valid mod file expandability-forge-9.0.4.jar with {expandability} mods - versions {9.0.4}
[31Dec2025 02:08:14.315] [main/DEBUG] [net.minecraftforge.fml.loading.moddiscovery.ModFileParser/LOADING]: Considering mod file candidate 
[31Dec2025 02:08:14.318] [main/DEBUG] [net.minecraftforge.fml.loading.moddiscovery.ModFileInfo/LOADING]: Found valid mod file mixinextras-forge-0.3.5.jar with {mixinextras} mods - versions {0.3.5}
[31Dec2025 02:08:14.330] [main/DEBUG] [net.minecraftforge.fml.loading.moddiscovery.AbstractJarFileDependencyLocator/]: Failed to load resource META-INF/jarjar/metadata.json from MixinExtras-0.1.1.jar, it does not contain dependency information.
[31Dec2025 02:08:14.330] [main/DEBUG] [net.minecraftforge.fml.loading.moddiscovery.AbstractJarFileDependencyLocator/]: Failed to load resource META-INF/jarjar/metadata.json from MixinExtras-0.3.5.jar, it does not contain dependency information.
[31Dec2025 02:08:14.354] [main/DEBUG] [net.minecraftforge.fml.loading.moddiscovery.ModFileParser/LOADING]: Considering mod file candidate 
[31Dec2025 02:08:14.355] [main/DEBUG] [net.minecraftforge.fml.loading.moddiscovery.ModFileInfo/LOADING]: Found valid mod file expandability-forge-9.0.4.jar with {expandability} mods - versions {9.0.4}
[31Dec2025 02:08:14.361] [main/DEBUG] [net.minecraftforge.fml.loading.moddiscovery.ModFileParser/LOADING]: Considering mod file candidate 
[31Dec2025 02:08:14.362] [main/DEBUG] [net.minecraftforge.fml.loading.moddiscovery.ModFileInfo/LOADING]: Found valid mod file mixinextras-forge-0.3.5.jar with {mixinextras} mods - versions {0.3.5}
[31Dec2025 02:08:14.363] [main/INFO] [net.minecraftforge.fml.loading.moddiscovery.JarInJarDependencyLocator/]: Found 3 dependencies adding them to mods collection
[31Dec2025 02:08:14.366] [main/DEBUG] [net.minecraftforge.fml.loading.moddiscovery.ModFileParser/LOADING]: Considering mod file candidate /workspaces/compas/servidor_minecraft/mods/FarmersDelight-1.20.1-1.2.9.jar
[31Dec2025 02:08:14.367] [main/DEBUG] [net.minecraftforge.fml.loading.moddiscovery.ModFileInfo/LOADING]: Found valid mod file FarmersDelight-1.20.1-1.2.9.jar with {farmersdelight} mods - versions {1.20.1-1.2.9}
[31Dec2025 02:08:14.369] [main/DEBUG] [net.minecraftforge.fml.loading.moddiscovery.ModFile/LOADING]: Loading mod file /workspaces/compas/servidor_minecraft/mods/FarmersDelight-1.20.1-1.2.9.jar with languages [LanguageSpec[languageName=javafml, acceptedVersions=[46,)]]
[31Dec2025 02:08:14.370] [main/DEBUG] [net.minecraftforge.fml.loading.moddiscovery.ModFileInfo/LOADING]: Found valid mod file server-1.20.1-20230612.114412-srg.jar with {minecraft} mods - versions {1.20.1}
[31Dec2025 02:08:14.371] [main/DEBUG] [net.minecraftforge.fml.loading.moddiscovery.ModFile/LOADING]: Loading mod file /workspaces/compas/servidor_minecraft/libraries/net/minecraft/server/1.20.1-20230612.114412/server-1.20.1-20230612.114412-srg.jar with languages [LanguageSpec[languageName=minecraft, acceptedVersions=1]]
[31Dec2025 02:08:14.371] [main/DEBUG] [net.minecraftforge.fml.loading.moddiscovery.ModFileParser/LOADING]: Considering mod file candidate /workspaces/compas/servidor_minecraft/mods/SkyVillages-1.0.4-1.19.2-1.20.1-forge-release.jar
[31Dec2025 02:08:14.373] [main/DEBUG] [net.minecraftforge.fml.loading.moddiscovery.ModFileInfo/LOADING]: Found valid mod file SkyVillages-1.0.4-1.19.2-1.20.1-forge-release.jar with {skyvillages} mods - versions {1.0.4}
[31Dec2025 02:08:14.373] [main/DEBUG] [net.minecraftforge.fml.loading.moddiscovery.ModFile/LOADING]: Loading mod file /workspaces/compas/servidor_minecraft/mods/SkyVillages-1.0.4-1.19.2-1.20.1-forge-release.jar with languages [LanguageSpec[languageName=javafml, acceptedVersions=[43,)]]
[31Dec2025 02:08:14.373] [main/DEBUG] [net.minecraftforge.fml.loading.moddiscovery.ModFileParser/LOADING]: Considering mod file candidate /workspaces/compas/servidor_minecraft/mods/useful_backpacks-forge-1.20.1-2.0.1.124.jar
[31Dec2025 02:08:14.374] [main/DEBUG] [net.minecraftforge.fml.loading.moddiscovery.ModFileInfo/LOADING]: Found valid mod file useful_backpacks-forge-1.20.1-2.0.1.124.jar with {usefulbackpacks} mods - versions {2.0.1.124}
[31Dec2025 02:08:14.374] [main/DEBUG] [net.minecraftforge.fml.loading.moddiscovery.ModFile/LOADING]: Loading mod file /workspaces/compas/servidor_minecraft/mods/useful_backpacks-forge-1.20.1-2.0.1.124.jar with languages [LanguageSpec[languageName=javafml, acceptedVersions=[47,)]]
[31Dec2025 02:08:14.374] [main/DEBUG] [net.minecraftforge.fml.loading.moddiscovery.ModFileParser/LOADING]: Considering mod file candidate /workspaces/compas/servidor_minecraft/mods/alexsmobs-1.22.9.jar
[31Dec2025 02:08:14.374] [main/DEBUG] [net.minecraftforge.fml.loading.moddiscovery.ModFileInfo/LOADING]: Found valid mod file alexsmobs-1.22.9.jar with {alexsmobs} mods - versions {1.22.9}
[31Dec2025 02:08:14.375] [main/DEBUG] [net.minecraftforge.fml.loading.moddiscovery.ModFile/LOADING]: Loading mod file /workspaces/compas/servidor_minecraft/mods/alexsmobs-1.22.9.jar with languages [LanguageSpec[languageName=javafml, acceptedVersions=[46,)]]
[31Dec2025 02:08:14.375] [main/DEBUG] [net.minecraftforge.fml.loading.moddiscovery.ModFileParser/LOADING]: Considering mod file candidate /workspaces/compas/servidor_minecraft/mods/YungsBetterWitchHuts-1.20-Forge-3.0.3.jar
[31Dec2025 02:08:14.375] [main/DEBUG] [net.minecraftforge.fml.loading.moddiscovery.ModFileInfo/LOADING]: Found valid mod file YungsBetterWitchHuts-1.20-Forge-3.0.3.jar with {betterwitchhuts} mods - versions {1.20-Forge-3.0.3}
[31Dec2025 02:08:14.375] [main/DEBUG] [net.minecraftforge.fml.loading.moddiscovery.ModFile/LOADING]: Loading mod file /workspaces/compas/servidor_minecraft/mods/YungsBetterWitchHuts-1.20-Forge-3.0.3.jar with languages [LanguageSpec[languageName=javafml, acceptedVersions=[46,)]]
[31Dec2025 02:08:14.376] [main/DEBUG] [net.minecraftforge.fml.loading.moddiscovery.ModFileParser/LOADING]: Considering mod file candidate /workspaces/compas/servidor_minecraft/mods/jei-1.20.1-forge-15.20.0.116.jar
[31Dec2025 02:08:14.376] [main/DEBUG] [net.minecraftforge.fml.loading.moddiscovery.ModFileInfo/LOADING]: Found valid mod file jei-1.20.1-forge-15.20.0.116.jar with {jei} mods - versions {15.20.0.116}
[31Dec2025 02:08:14.376] [main/DEBUG] [net.minecraftforge.fml.loading.moddiscovery.ModFile/LOADING]: Loading mod file /workspaces/compas/servidor_minecraft/mods/jei-1.20.1-forge-15.20.0.116.jar with languages [LanguageSpec[languageName=javafml, acceptedVersions=[47,)]]
[31Dec2025 02:08:14.377] [main/DEBUG] [net.minecraftforge.fml.loading.moddiscovery.ModFileParser/LOADING]: Considering mod file candidate /workspaces/compas/servidor_minecraft/mods/goblintraders-forge-1.20.1-1.11.5.jar
[31Dec2025 02:08:14.377] [main/DEBUG] [net.minecraftforge.fml.loading.moddiscovery.ModFileInfo/LOADING]: Found valid mod file goblintraders-forge-1.20.1-1.11.5.jar with {goblintraders} mods - versions {1.11.5}
[31Dec2025 02:08:14.377] [main/DEBUG] [net.minecraftforge.fml.loading.moddiscovery.ModFile/LOADING]: Loading mod file /workspaces/compas/servidor_minecraft/mods/goblintraders-forge-1.20.1-1.11.5.jar with languages [LanguageSpec[languageName=javafml, acceptedVersions=[39,)]]
[31Dec2025 02:08:14.377] [main/DEBUG] [net.minecraftforge.fml.loading.moddiscovery.ModFileParser/LOADING]: Considering mod file candidate /workspaces/compas/servidor_minecraft/mods/curios-forge-5.14.1+1.20.1.jar
[31Dec2025 02:08:14.378] [main/DEBUG] [net.minecraftforge.fml.loading.moddiscovery.ModFileInfo/LOADING]: Found valid mod file curios-forge-5.14.1+1.20.1.jar with {curios} mods - versions {5.14.1+1.20.1}
[31Dec2025 02:08:14.378] [main/DEBUG] [net.minecraftforge.fml.loading.moddiscovery.ModFile/LOADING]: Loading mod file /workspaces/compas/servidor_minecraft/mods/curios-forge-5.14.1+1.20.1.jar with languages [LanguageSpec[languageName=javafml, acceptedVersions=[41,)]]
[31Dec2025 02:08:14.378] [main/DEBUG] [net.minecraftforge.fml.loading.moddiscovery.ModFileParser/LOADING]: Considering mod file candidate /workspaces/compas/servidor_minecraft/mods/journeymap-1.20.1-5.10.3-forge.jar
[31Dec2025 02:08:14.379] [main/DEBUG] [net.minecraftforge.fml.loading.moddiscovery.ModFileInfo/LOADING]: Found valid mod file journeymap-1.20.1-5.10.3-forge.jar with {journeymap} mods - versions {5.10.3}
[31Dec2025 02:08:14.379] [main/DEBUG] [net.minecraftforge.fml.loading.moddiscovery.ModFile/LOADING]: Loading mod file /workspaces/compas/servidor_minecraft/mods/journeymap-1.20.1-5.10.3-forge.jar with languages [LanguageSpec[languageName=javafml, acceptedVersions=[44,)]]
[31Dec2025 02:08:14.381] [main/DEBUG] [net.minecraftforge.fml.loading.moddiscovery.ModFileParser/LOADING]: Found coremod journeymap potion effect transformer with Javascript path potion-effects-shift.js
[31Dec2025 02:08:14.381] [main/DEBUG] [net.minecraftforge.fml.loading.moddiscovery.ModFile/LOADING]: Found coremod potion-effects-shift.js
[31Dec2025 02:08:14.381] [main/DEBUG] [net.minecraftforge.fml.loading.moddiscovery.ModFileParser/LOADING]: Considering mod file candidate /workspaces/compas/servidor_minecraft/mods/citadel-2.6.2-1.20.1.jar
[31Dec2025 02:08:14.382] [main/DEBUG] [net.minecraftforge.fml.loading.moddiscovery.ModFileInfo/LOADING]: Found valid mod file citadel-2.6.2-1.20.1.jar with {citadel} mods - versions {2.6.2}
[31Dec2025 02:08:14.382] [main/DEBUG] [net.minecraftforge.fml.loading.moddiscovery.ModFile/LOADING]: Loading mod file /workspaces/compas/servidor_minecraft/mods/citadel-2.6.2-1.20.1.jar with languages [LanguageSpec[languageName=javafml, acceptedVersions=[47,)]]
[31Dec2025 02:08:14.382] [main/DEBUG] [net.minecraftforge.fml.loading.moddiscovery.ModFileParser/LOADING]: Considering mod file candidate /workspaces/compas/servidor_minecraft/mods/artifacts-forge-9.5.16.jar
[31Dec2025 02:08:14.382] [main/DEBUG] [net.minecraftforge.fml.loading.moddiscovery.ModFileInfo/LOADING]: Found valid mod file artifacts-forge-9.5.16.jar with {artifacts} mods - versions {9.5.16}
[31Dec2025 02:08:14.383] [main/DEBUG] [net.minecraftforge.fml.loading.moddiscovery.ModFile/LOADING]: Loading mod file /workspaces/compas/servidor_minecraft/mods/artifacts-forge-9.5.16.jar with languages [LanguageSpec[languageName=javafml, acceptedVersions=[47,)]]
[31Dec2025 02:08:14.383] [main/DEBUG] [net.minecraftforge.fml.loading.moddiscovery.ModFileParser/LOADING]: Considering mod file candidate /workspaces/compas/servidor_minecraft/mods/YungsApi-1.20-Forge-4.0.6.jar
[31Dec2025 02:08:14.383] [main/DEBUG] [net.minecraftforge.fml.loading.moddiscovery.ModFileInfo/LOADING]: Found valid mod file YungsApi-1.20-Forge-4.0.6.jar with {yungsapi} mods - versions {1.20-Forge-4.0.6}
[31Dec2025 02:08:14.383] [main/DEBUG] [net.minecraftforge.fml.loading.moddiscovery.ModFile/LOADING]: Loading mod file /workspaces/compas/servidor_minecraft/mods/YungsApi-1.20-Forge-4.0.6.jar with languages [LanguageSpec[languageName=javafml, acceptedVersions=[46,)]]
[31Dec2025 02:08:14.383] [main/DEBUG] [net.minecraftforge.fml.loading.moddiscovery.ModFileParser/LOADING]: Considering mod file candidate /workspaces/compas/servidor_minecraft/mods/YungsBetterStrongholds-1.20-Forge-4.0.3.jar
[31Dec2025 02:08:14.384] [main/DEBUG] [net.minecraftforge.fml.loading.moddiscovery.ModFileInfo/LOADING]: Found valid mod file YungsBetterStrongholds-1.20-Forge-4.0.3.jar with {betterstrongholds} mods - versions {1.20-Forge-4.0.3}
[31Dec2025 02:08:14.384] [main/DEBUG] [net.minecraftforge.fml.loading.moddiscovery.ModFile/LOADING]: Loading mod file /workspaces/compas/servidor_minecraft/mods/YungsBetterStrongholds-1.20-Forge-4.0.3.jar with languages [LanguageSpec[languageName=javafml, acceptedVersions=[46,)]]
[31Dec2025 02:08:14.384] [main/DEBUG] [net.minecraftforge.fml.loading.moddiscovery.ModFileParser/LOADING]: Considering mod file candidate /workspaces/compas/servidor_minecraft/mods/u_team_core-forge-1.20.1-5.1.4.346.jar
[31Dec2025 02:08:14.385] [main/DEBUG] [net.minecraftforge.fml.loading.moddiscovery.ModFileInfo/LOADING]: Found valid mod file u_team_core-forge-1.20.1-5.1.4.346.jar with {uteamcore} mods - versions {5.1.4.346}
[31Dec2025 02:08:14.385] [main/DEBUG] [net.minecraftforge.fml.loading.moddiscovery.ModFile/LOADING]: Loading mod file /workspaces/compas/servidor_minecraft/mods/u_team_core-forge-1.20.1-5.1.4.346.jar with languages [LanguageSpec[languageName=javafml, acceptedVersions=[47,)]]
[31Dec2025 02:08:14.385] [main/DEBUG] [net.minecraftforge.fml.loading.moddiscovery.ModFileParser/LOADING]: Found coremod Dataprovider Change Indent to Tab with Javascript path asm/dataprovider-set-indent.js
[31Dec2025 02:08:14.386] [main/DEBUG] [net.minecraftforge.fml.loading.moddiscovery.ModFile/LOADING]: Found coremod asm/dataprovider-set-indent.js
[31Dec2025 02:08:14.386] [main/DEBUG] [net.minecraftforge.fml.loading.moddiscovery.ModFileParser/LOADING]: Considering mod file candidate /workspaces/compas/servidor_minecraft/mods/architectury-10.1.20-minecraftforge.jar
[31Dec2025 02:08:14.386] [main/DEBUG] [net.minecraftforge.fml.loading.moddiscovery.ModFileInfo/LOADING]: Found valid mod file architectury-10.1.20-minecraftforge.jar with {architectury} mods - versions {9.1.13}
[31Dec2025 02:08:14.386] [main/DEBUG] [net.minecraftforge.fml.loading.moddiscovery.ModFile/LOADING]: Loading mod file /workspaces/compas/servidor_minecraft/mods/architectury-10.1.20-minecraftforge.jar with languages [LanguageSpec[languageName=javafml, acceptedVersions=[46,)]]
[31Dec2025 02:08:14.387] [main/DEBUG] [net.minecraftforge.fml.loading.moddiscovery.ModFileParser/LOADING]: Considering mod file candidate /workspaces/compas/servidor_minecraft/mods/mvs-4.1.5-1.20.jar
[31Dec2025 02:08:14.387] [main/DEBUG] [net.minecraftforge.fml.loading.moddiscovery.ModFileInfo/LOADING]: Found valid mod file mvs-4.1.5-1.20.jar with {mvs} mods - versions {4.1.5-1.20-forge}
[31Dec2025 02:08:14.387] [main/DEBUG] [net.minecraftforge.fml.loading.moddiscovery.ModFile/LOADING]: Loading mod file /workspaces/compas/servidor_minecraft/mods/mvs-4.1.5-1.20.jar with languages [LanguageSpec[languageName=javafml, acceptedVersions=[46,)]]
[31Dec2025 02:08:14.387] [main/DEBUG] [net.minecraftforge.fml.loading.moddiscovery.ModFileParser/LOADING]: Considering mod file candidate /workspaces/compas/servidor_minecraft/mods/lootr-forge-1.20-0.7.35.93.jar
[31Dec2025 02:08:14.388] [main/DEBUG] [net.minecraftforge.fml.loading.moddiscovery.ModFileInfo/LOADING]: Found valid mod file lootr-forge-1.20-0.7.35.93.jar with {lootr} mods - versions {0.7.35.92}
[31Dec2025 02:08:14.388] [main/DEBUG] [net.minecraftforge.fml.loading.moddiscovery.ModFile/LOADING]: Loading mod file /workspaces/compas/servidor_minecraft/mods/lootr-forge-1.20-0.7.35.93.jar with languages [LanguageSpec[languageName=javafml, acceptedVersions=[44,)]]
[31Dec2025 02:08:14.388] [main/DEBUG] [net.minecraftforge.fml.loading.moddiscovery.ModFileParser/LOADING]: Considering mod file candidate /workspaces/compas/servidor_minecraft/mods/Terralith_1.20.x_v2.5.4.jar
[31Dec2025 02:08:14.389] [main/DEBUG] [net.minecraftforge.fml.loading.moddiscovery.ModFileInfo/LOADING]: Found valid mod file Terralith_1.20.x_v2.5.4.jar with {terralith} mods - versions {2.5.4}
[31Dec2025 02:08:14.389] [main/DEBUG] [net.minecraftforge.fml.loading.moddiscovery.ModFile/LOADING]: Loading mod file /workspaces/compas/servidor_minecraft/mods/Terralith_1.20.x_v2.5.4.jar with languages [LanguageSpec[languageName=lowcodefml, acceptedVersions=[1,)]]
[31Dec2025 02:08:14.389] [main/DEBUG] [net.minecraftforge.fml.loading.moddiscovery.ModFileParser/LOADING]: Considering mod file candidate /workspaces/compas/servidor_minecraft/mods/framework-forge-1.20.1-0.7.15.jar
[31Dec2025 02:08:14.390] [main/DEBUG] [net.minecraftforge.fml.loading.moddiscovery.ModFileInfo/LOADING]: Found valid mod file framework-forge-1.20.1-0.7.15.jar with {framework} mods - versions {0.7.15}
[31Dec2025 02:08:14.390] [main/DEBUG] [net.minecraftforge.fml.loading.moddiscovery.ModFile/LOADING]: Loading mod file /workspaces/compas/servidor_minecraft/mods/framework-forge-1.20.1-0.7.15.jar with languages [LanguageSpec[languageName=javafml, acceptedVersions=[39,)]]
[31Dec2025 02:08:14.390] [main/DEBUG] [net.minecraftforge.fml.loading.moddiscovery.ModFileParser/LOADING]: Considering mod file candidate /workspaces/compas/servidor_minecraft/mods/imst-2.1.0.jar
[31Dec2025 02:08:14.391] [main/DEBUG] [net.minecraftforge.fml.loading.moddiscovery.ModFileInfo/LOADING]: Found valid mod file imst-2.1.0.jar with {imst} mods - versions {2.1.0}
[31Dec2025 02:08:14.391] [main/DEBUG] [net.minecraftforge.fml.loading.moddiscovery.ModFile/LOADING]: Loading mod file /workspaces/compas/servidor_minecraft/mods/imst-2.1.0.jar with languages [LanguageSpec[languageName=javafml, acceptedVersions=[46,)]]
[31Dec2025 02:08:14.391] [main/DEBUG] [net.minecraftforge.fml.loading.moddiscovery.ModFileParser/LOADING]: Considering mod file candidate /workspaces/compas/servidor_minecraft/mods/cloth-config-11.1.136-forge.jar
[31Dec2025 02:08:14.392] [main/DEBUG] [net.minecraftforge.fml.loading.moddiscovery.ModFileInfo/LOADING]: Found valid mod file cloth-config-11.1.136-forge.jar with {cloth_config} mods - versions {11.1.136}
[31Dec2025 02:08:14.392] [main/DEBUG] [net.minecraftforge.fml.loading.moddiscovery.ModFile/LOADING]: Loading mod file /workspaces/compas/servidor_minecraft/mods/cloth-config-11.1.136-forge.jar with languages [LanguageSpec[languageName=javafml, acceptedVersions=[34,)]]
[31Dec2025 02:08:14.392] [main/DEBUG] [net.minecraftforge.fml.loading.moddiscovery.ModFileParser/LOADING]: Considering mod file candidate /workspaces/compas/servidor_minecraft/mods/YungsBetterNetherFortresses-1.20-Forge-2.0.6.jar
[31Dec2025 02:08:14.393] [main/DEBUG] [net.minecraftforge.fml.loading.moddiscovery.ModFileInfo/LOADING]: Found valid mod file YungsBetterNetherFortresses-1.20-Forge-2.0.6.jar with {betterfortresses} mods - versions {1.20-Forge-2.0.6}
[31Dec2025 02:08:14.393] [main/DEBUG] [net.minecraftforge.fml.loading.moddiscovery.ModFile/LOADING]: Loading mod file /workspaces/compas/servidor_minecraft/mods/YungsBetterNetherFortresses-1.20-Forge-2.0.6.jar with languages [LanguageSpec[languageName=javafml, acceptedVersions=[46,)]]
[31Dec2025 02:08:14.393] [main/DEBUG] [net.minecraftforge.fml.loading.moddiscovery.ModFileParser/LOADING]: Considering mod file candidate /workspaces/compas/servidor_minecraft/libraries/net/minecraftforge/forge/1.20.1-47.3.7/forge-1.20.1-47.3.7-universal.jar
[31Dec2025 02:08:14.393] [main/DEBUG] [net.minecraftforge.fml.loading.moddiscovery.ModFileInfo/LOADING]: Found valid mod file forge-1.20.1-47.3.7-universal.jar with {forge} mods - versions {47.3.7}
[31Dec2025 02:08:14.393] [main/DEBUG] [net.minecraftforge.fml.loading.moddiscovery.ModFile/LOADING]: Loading mod file /workspaces/compas/servidor_minecraft/libraries/net/minecraftforge/forge/1.20.1-47.3.7/forge-1.20.1-47.3.7-universal.jar with languages [LanguageSpec[languageName=javafml, acceptedVersions=[24,]]]
[31Dec2025 02:08:14.394] [main/DEBUG] [net.minecraftforge.fml.loading.moddiscovery.ModFileParser/LOADING]: Found coremod field_to_method with Javascript path coremods/field_to_method.js
[31Dec2025 02:08:14.394] [main/DEBUG] [net.minecraftforge.fml.loading.moddiscovery.ModFileParser/LOADING]: Found coremod field_to_instanceof with Javascript path coremods/field_to_instanceof.js
[31Dec2025 02:08:14.394] [main/DEBUG] [net.minecraftforge.fml.loading.moddiscovery.ModFileParser/LOADING]: Found coremod add_bouncer_method with Javascript path coremods/add_bouncer_method.js
[31Dec2025 02:08:14.394] [main/DEBUG] [net.minecraftforge.fml.loading.moddiscovery.ModFileParser/LOADING]: Found coremod method_redirector with Javascript path coremods/method_redirector.js
[31Dec2025 02:08:14.394] [main/DEBUG] [net.minecraftforge.fml.loading.moddiscovery.ModFile/LOADING]: Found coremod coremods/field_to_method.js
[31Dec2025 02:08:14.394] [main/DEBUG] [net.minecraftforge.fml.loading.moddiscovery.ModFile/LOADING]: Found coremod coremods/field_to_instanceof.js
[31Dec2025 02:08:14.394] [main/DEBUG] [net.minecraftforge.fml.loading.moddiscovery.ModFile/LOADING]: Found coremod coremods/add_bouncer_method.js
[31Dec2025 02:08:14.394] [main/DEBUG] [net.minecraftforge.fml.loading.moddiscovery.ModFile/LOADING]: Found coremod coremods/method_redirector.js
[31Dec2025 02:08:14.395] [main/DEBUG] [net.minecraftforge.fml.loading.moddiscovery.ModFileParser/LOADING]: Considering mod file candidate 
[31Dec2025 02:08:14.395] [main/DEBUG] [net.minecraftforge.fml.loading.moddiscovery.ModFileInfo/LOADING]: Found valid mod file expandability-forge-9.0.4.jar with {expandability} mods - versions {9.0.4}
[31Dec2025 02:08:14.395] [main/DEBUG] [net.minecraftforge.fml.loading.moddiscovery.ModFile/LOADING]: Loading mod file  with languages [LanguageSpec[languageName=javafml, acceptedVersions=[46,)]]
[31Dec2025 02:08:14.395] [main/DEBUG] [net.minecraftforge.fml.loading.moddiscovery.ModFileParser/LOADING]: Considering mod file candidate /workspaces/compas/servidor_minecraft/mods/YungsBetterMineshafts-1.20-Forge-4.0.4.jar
[31Dec2025 02:08:14.396] [main/DEBUG] [net.minecraftforge.fml.loading.moddiscovery.ModFileInfo/LOADING]: Found valid mod file YungsBetterMineshafts-1.20-Forge-4.0.4.jar with {bettermineshafts} mods - versions {1.20-Forge-4.0.4}
[31Dec2025 02:08:14.397] [main/DEBUG] [net.minecraftforge.fml.loading.moddiscovery.ModFile/LOADING]: Loading mod file /workspaces/compas/servidor_minecraft/mods/YungsBetterMineshafts-1.20-Forge-4.0.4.jar with languages [LanguageSpec[languageName=javafml, acceptedVersions=[46,)]]
[31Dec2025 02:08:14.397] [main/DEBUG] [net.minecraftforge.fml.loading.moddiscovery.ModFileParser/LOADING]: Considering mod file candidate /workspaces/compas/servidor_minecraft/mods/YungsBetterJungleTemples-1.20-Forge-2.0.5.jar
[31Dec2025 02:08:14.397] [main/DEBUG] [net.minecraftforge.fml.loading.moddiscovery.ModFileInfo/LOADING]: Found valid mod file YungsBetterJungleTemples-1.20-Forge-2.0.5.jar with {betterjungletemples} mods - versions {1.20-Forge-2.0.5}
[31Dec2025 02:08:14.398] [main/DEBUG] [net.minecraftforge.fml.loading.moddiscovery.ModFile/LOADING]: Loading mod file /workspaces/compas/servidor_minecraft/mods/YungsBetterJungleTemples-1.20-Forge-2.0.5.jar with languages [LanguageSpec[languageName=javafml, acceptedVersions=[46,)]]
[31Dec2025 02:08:14.398] [main/DEBUG] [net.minecraftforge.fml.loading.moddiscovery.ModFileParser/LOADING]: Considering mod file candidate 
[31Dec2025 02:08:14.398] [main/DEBUG] [net.minecraftforge.fml.loading.moddiscovery.ModFileInfo/LOADING]: Found valid mod file mixinextras-forge-0.3.5.jar with {mixinextras} mods - versions {0.3.5}
[31Dec2025 02:08:14.398] [main/DEBUG] [net.minecraftforge.fml.loading.moddiscovery.ModFile/LOADING]: Loading mod file  with languages [LanguageSpec[languageName=javafml, acceptedVersions=*]]
[31Dec2025 02:08:14.398] [main/DEBUG] [net.minecraftforge.fml.loading.moddiscovery.ModFile/LOADING]: Loading mod file  with languages []
[31Dec2025 02:08:14.398] [main/DEBUG] [net.minecraftforge.fml.loading.moddiscovery.ModFileParser/LOADING]: Considering mod file candidate 
[31Dec2025 02:08:14.399] [main/DEBUG] [net.minecraftforge.fml.loading.moddiscovery.ModFileInfo/LOADING]: Found valid mod file mixinextras-forge-0.3.5.jar with {mixinextras} mods - versions {0.3.5}
[31Dec2025 02:08:14.399] [main/DEBUG] [net.minecraftforge.fml.loading.moddiscovery.ModFile/LOADING]: Loading mod file  with languages [LanguageSpec[languageName=javafml, acceptedVersions=*]]
[31Dec2025 02:08:14.399] [main/DEBUG] [net.minecraftforge.fml.loading.moddiscovery.ModFile/LOADING]: Loading mod file  with languages []
[31Dec2025 02:08:14.400] [main/DEBUG] [cpw.mods.modlauncher.TransformationServiceDecorator/MODLAUNCHER]: End scan trigger - transformation service fml
[31Dec2025 02:08:14.412] [main/DEBUG] [net.minecraftforge.fml.loading.LanguageLoadingProvider/CORE]: Found 3 language providers
[31Dec2025 02:08:14.413] [main/DEBUG] [net.minecraftforge.fml.loading.LanguageLoadingProvider/CORE]: Found language provider minecraft, version 1.0
[31Dec2025 02:08:14.414] [main/DEBUG] [net.minecraftforge.fml.loading.LanguageLoadingProvider/CORE]: Found language provider lowcodefml, version 47
[31Dec2025 02:08:14.414] [main/DEBUG] [net.minecraftforge.fml.loading.LanguageLoadingProvider/CORE]: Found language provider javafml, version 47
[31Dec2025 02:08:14.417] [main/DEBUG] [net.minecraftforge.fml.loading.UniqueModListBuilder/]: Found 2 mods for first modid mixinextras, selecting most recent based on version data
[31Dec2025 02:08:14.418] [main/DEBUG] [net.minecraftforge.fml.loading.UniqueModListBuilder/]: Selected file mixinextras-forge-0.3.5.jar for modid mixinextras with version 0.3.5
[31Dec2025 02:08:14.418] [main/DEBUG] [net.minecraftforge.fml.loading.UniqueModListBuilder/]: Found 2 mods for first modid MixinExtras, selecting most recent based on version data
[31Dec2025 02:08:14.418] [main/DEBUG] [net.minecraftforge.fml.loading.UniqueModListBuilder/]: Selected file MixinExtras-0.3.5.jar for modid MixinExtras with version 0.0NONE
[31Dec2025 02:08:14.420] [main/DEBUG] [net.minecraftforge.fml.loading.ModSorter/]: Configured system mods: [minecraft, forge]
[31Dec2025 02:08:14.420] [main/DEBUG] [net.minecraftforge.fml.loading.ModSorter/]: Found system mod: minecraft
[31Dec2025 02:08:14.420] [main/DEBUG] [net.minecraftforge.fml.loading.ModSorter/]: Found system mod: forge
[31Dec2025 02:08:14.422] [main/DEBUG] [net.minecraftforge.fml.loading.ModSorter/LOADING]: Found 58 mod requirements (55 mandatory, 3 optional)
[31Dec2025 02:08:14.423] [main/DEBUG] [net.minecraftforge.fml.loading.ModSorter/LOADING]: Found 0 mod requirements missing (0 mandatory, 0 optional)
[31Dec2025 02:08:14.861] [main/DEBUG] [cpw.mods.modlauncher.TransformationServicesHandler/MODLAUNCHER]: Transformation services loading transformers
[31Dec2025 02:08:14.863] [main/DEBUG] [cpw.mods.modlauncher.TransformationServiceDecorator/MODLAUNCHER]: Initializing transformers for transformation service mixin
[31Dec2025 02:08:14.865] [main/DEBUG] [cpw.mods.modlauncher.TransformationServiceDecorator/MODLAUNCHER]: Initialized transformers for transformation service mixin
[31Dec2025 02:08:14.865] [main/DEBUG] [cpw.mods.modlauncher.TransformationServiceDecorator/MODLAUNCHER]: Initializing transformers for transformation service fml
[31Dec2025 02:08:14.866] [main/DEBUG] [net.minecraftforge.fml.loading.FMLServiceProvider/CORE]: Loading coremod transformers
[31Dec2025 02:08:14.866] [main/DEBUG] [net.minecraftforge.coremod.CoreModEngine/COREMOD]: Loading CoreMod from potion-effects-shift.js
[31Dec2025 02:08:15.153] [main/DEBUG] [net.minecraftforge.coremod.CoreModEngine/COREMOD]: CoreMod loaded successfully
[31Dec2025 02:08:15.154] [main/DEBUG] [net.minecraftforge.coremod.CoreModEngine/COREMOD]: Loading CoreMod from asm/dataprovider-set-indent.js
[31Dec2025 02:08:15.182] [main/DEBUG] [net.minecraftforge.coremod.CoreModEngine/COREMOD]: CoreMod loaded successfully
[31Dec2025 02:08:15.182] [main/DEBUG] [net.minecraftforge.coremod.CoreModEngine/COREMOD]: Loading CoreMod from coremods/field_to_method.js
[31Dec2025 02:08:15.220] [main/DEBUG] [net.minecraftforge.coremod.CoreModEngine/COREMOD]: CoreMod loaded successfully
[31Dec2025 02:08:15.221] [main/DEBUG] [net.minecraftforge.coremod.CoreModEngine/COREMOD]: Loading CoreMod from coremods/field_to_instanceof.js
[31Dec2025 02:08:15.278] [main/DEBUG] [net.minecraftforge.coremod.CoreModEngine/COREMOD]: CoreMod loaded successfully
[31Dec2025 02:08:15.278] [main/DEBUG] [net.minecraftforge.coremod.CoreModEngine/COREMOD]: Loading CoreMod from coremods/add_bouncer_method.js
[31Dec2025 02:08:15.332] [main/DEBUG] [net.minecraftforge.coremod.CoreModEngine/COREMOD]: CoreMod loaded successfully
[31Dec2025 02:08:15.333] [main/DEBUG] [net.minecraftforge.coremod.CoreModEngine/COREMOD]: Loading CoreMod from coremods/method_redirector.js
[31Dec2025 02:08:15.427] [main/DEBUG] [net.minecraftforge.coremod.CoreModEngine/COREMOD]: CoreMod loaded successfully
[31Dec2025 02:08:15.440] [main/DEBUG] [cpw.mods.modlauncher.TransformStore/MODLAUNCHER]: Adding transformer net.minecraftforge.coremod.transformer.CoreModMethodTransformer@57c00115 to Target : METHOD {Lnet/minecraft/client/gui/Gui;} {m_93028_} {(Lcom/mojang/blaze3d/vertex/PoseStack;)V}
[31Dec2025 02:08:15.441] [main/DEBUG] [cpw.mods.modlauncher.TransformStore/MODLAUNCHER]: Adding transformer net.minecraftforge.coremod.transformer.CoreModClassTransformer@18a25bbd to Target : CLASS {Lnet/minecraft/data/DataProvider;} {} {V}
[31Dec2025 02:08:15.442] [main/DEBUG] [cpw.mods.modlauncher.TransformStore/MODLAUNCHER]: Adding transformer net.minecraftforge.coremod.transformer.CoreModClassTransformer@5d5b9ecb to Target : CLASS {Lnet/minecraft/world/level/biome/Biome;} {} {V}
[31Dec2025 02:08:15.442] [main/DEBUG] [cpw.mods.modlauncher.TransformStore/MODLAUNCHER]: Adding transformer net.minecraftforge.coremod.transformer.CoreModClassTransformer@1ee27d73 to Target : CLASS {Lnet/minecraft/world/level/levelgen/structure/Structure;} {} {V}
[31Dec2025 02:08:15.442] [main/DEBUG] [cpw.mods.modlauncher.TransformStore/MODLAUNCHER]: Adding transformer net.minecraftforge.coremod.transformer.CoreModClassTransformer@5e5aafc6 to Target : CLASS {Lnet/minecraft/world/effect/MobEffectInstance;} {} {V}
[31Dec2025 02:08:15.442] [main/DEBUG] [cpw.mods.modlauncher.TransformStore/MODLAUNCHER]: Adding transformer net.minecraftforge.coremod.transformer.CoreModClassTransformer@542f6803 to Target : CLASS {Lnet/minecraft/world/level/block/LiquidBlock;} {} {V}
[31Dec2025 02:08:15.442] [main/DEBUG] [cpw.mods.modlauncher.TransformStore/MODLAUNCHER]: Adding transformer net.minecraftforge.coremod.transformer.CoreModClassTransformer@5583098b to Target : CLASS {Lnet/minecraft/world/item/BucketItem;} {} {V}
[31Dec2025 02:08:15.442] [main/DEBUG] [cpw.mods.modlauncher.TransformStore/MODLAUNCHER]: Adding transformer net.minecraftforge.coremod.transformer.CoreModClassTransformer@5807efad to Target : CLASS {Lnet/minecraft/world/level/block/StairBlock;} {} {V}
[31Dec2025 02:08:15.443] [main/DEBUG] [cpw.mods.modlauncher.TransformStore/MODLAUNCHER]: Adding transformer net.minecraftforge.coremod.transformer.CoreModClassTransformer@53a84ff4 to Target : CLASS {Lnet/minecraft/world/level/block/FlowerPotBlock;} {} {V}
[31Dec2025 02:08:15.444] [main/DEBUG] [cpw.mods.modlauncher.TransformStore/MODLAUNCHER]: Adding transformer net.minecraftforge.coremod.transformer.CoreModClassTransformer@7ce85af2 to Target : CLASS {Lnet/minecraft/world/item/ItemStack;} {} {V}
[31Dec2025 02:08:15.444] [main/DEBUG] [cpw.mods.modlauncher.TransformStore/MODLAUNCHER]: Adding transformer net.minecraftforge.coremod.transformer.CoreModClassTransformer@316acbb5 to Target : CLASS {Lnet/minecraft/network/play/client/CClientSettingsPacket;} {} {V}
[31Dec2025 02:08:15.444] [main/DEBUG] [cpw.mods.modlauncher.TransformStore/MODLAUNCHER]: Adding transformer net.minecraftforge.coremod.transformer.CoreModClassTransformer@56f730b2 to Target : CLASS {Lnet/minecraft/world/level/levelgen/PatrolSpawner;} {} {V}
[31Dec2025 02:08:15.444] [main/DEBUG] [cpw.mods.modlauncher.TransformStore/MODLAUNCHER]: Adding transformer net.minecraftforge.coremod.transformer.CoreModClassTransformer@56f730b2 to Target : CLASS {Lnet/minecraft/world/entity/animal/horse/SkeletonTrapGoal;} {} {V}
[31Dec2025 02:08:15.444] [main/DEBUG] [cpw.mods.modlauncher.TransformStore/MODLAUNCHER]: Adding transformer net.minecraftforge.coremod.transformer.CoreModClassTransformer@56f730b2 to Target : CLASS {Lnet/minecraft/world/entity/monster/Spider;} {} {V}
[31Dec2025 02:08:15.444] [main/DEBUG] [cpw.mods.modlauncher.TransformStore/MODLAUNCHER]: Adding transformer net.minecraftforge.coremod.transformer.CoreModClassTransformer@56f730b2 to Target : CLASS {Lnet/minecraft/server/commands/RaidCommand;} {} {V}
[31Dec2025 02:08:15.444] [main/DEBUG] [cpw.mods.modlauncher.TransformStore/MODLAUNCHER]: Adding transformer net.minecraftforge.coremod.transformer.CoreModClassTransformer@56f730b2 to Target : CLASS {Lnet/minecraft/world/entity/ai/village/VillageSiege;} {} {V}
[31Dec2025 02:08:15.445] [main/DEBUG] [cpw.mods.modlauncher.TransformStore/MODLAUNCHER]: Adding transformer net.minecraftforge.coremod.transformer.CoreModClassTransformer@56f730b2 to Target : CLASS {Lnet/minecraft/world/level/levelgen/structure/structures/OceanMonumentPieces$OceanMonumentPiece;} {} {V}
[31Dec2025 02:08:15.445] [main/DEBUG] [cpw.mods.modlauncher.TransformStore/MODLAUNCHER]: Adding transformer net.minecraftforge.coremod.transformer.CoreModClassTransformer@56f730b2 to Target : CLASS {Lnet/minecraft/world/level/NaturalSpawner;} {} {V}
[31Dec2025 02:08:15.446] [main/DEBUG] [cpw.mods.modlauncher.TransformStore/MODLAUNCHER]: Adding transformer net.minecraftforge.coremod.transformer.CoreModClassTransformer@56f730b2 to Target : CLASS {Lnet/minecraft/world/entity/raid/Raid;} {} {V}
[31Dec2025 02:08:15.446] [main/DEBUG] [cpw.mods.modlauncher.TransformStore/MODLAUNCHER]: Adding transformer net.minecraftforge.coremod.transformer.CoreModClassTransformer@56f730b2 to Target : CLASS {Lnet/minecraft/world/entity/monster/Strider;} {} {V}
[31Dec2025 02:08:15.446] [main/DEBUG] [cpw.mods.modlauncher.TransformStore/MODLAUNCHER]: Adding transformer net.minecraftforge.coremod.transformer.CoreModClassTransformer@56f730b2 to Target : CLASS {Lnet/minecraft/world/entity/npc/CatSpawner;} {} {V}
[31Dec2025 02:08:15.446] [main/DEBUG] [cpw.mods.modlauncher.TransformStore/MODLAUNCHER]: Adding transformer net.minecraftforge.coremod.transformer.CoreModClassTransformer@56f730b2 to Target : CLASS {Lnet/minecraft/world/level/levelgen/structure/structures/WoodlandMansionPieces$WoodlandMansionPiece;} {} {V}
[31Dec2025 02:08:15.446] [main/DEBUG] [cpw.mods.modlauncher.TransformStore/MODLAUNCHER]: Adding transformer net.minecraftforge.coremod.transformer.CoreModClassTransformer@56f730b2 to Target : CLASS {Lnet/minecraft/world/level/levelgen/structure/structures/OceanRuinPieces$OceanRuinPiece;} {} {V}
[31Dec2025 02:08:15.446] [main/DEBUG] [cpw.mods.modlauncher.TransformStore/MODLAUNCHER]: Adding transformer net.minecraftforge.coremod.transformer.CoreModClassTransformer@56f730b2 to Target : CLASS {Lnet/minecraft/world/level/levelgen/PhantomSpawner;} {} {V}
[31Dec2025 02:08:15.446] [main/DEBUG] [cpw.mods.modlauncher.TransformStore/MODLAUNCHER]: Adding transformer net.minecraftforge.coremod.transformer.CoreModClassTransformer@56f730b2 to Target : CLASS {Lnet/minecraft/world/level/levelgen/structure/templatesystem/StructureTemplate;} {} {V}
[31Dec2025 02:08:15.447] [main/DEBUG] [cpw.mods.modlauncher.TransformStore/MODLAUNCHER]: Adding transformer net.minecraftforge.coremod.transformer.CoreModClassTransformer@56f730b2 to Target : CLASS {Lnet/minecraft/world/entity/animal/frog/Tadpole;} {} {V}
[31Dec2025 02:08:15.447] [main/DEBUG] [cpw.mods.modlauncher.TransformStore/MODLAUNCHER]: Adding transformer net.minecraftforge.coremod.transformer.CoreModClassTransformer@56f730b2 to Target : CLASS {Lnet/minecraft/world/entity/monster/Zombie;} {} {V}
[31Dec2025 02:08:15.447] [main/DEBUG] [cpw.mods.modlauncher.TransformStore/MODLAUNCHER]: Adding transformer net.minecraftforge.coremod.transformer.CoreModClassTransformer@56f730b2 to Target : CLASS {Lnet/minecraft/server/commands/SummonCommand;} {} {V}
[31Dec2025 02:08:15.447] [main/DEBUG] [cpw.mods.modlauncher.TransformStore/MODLAUNCHER]: Adding transformer net.minecraftforge.coremod.transformer.CoreModClassTransformer@56f730b2 to Target : CLASS {Lnet/minecraft/world/entity/EntityType;} {} {V}
[31Dec2025 02:08:15.447] [main/DEBUG] [cpw.mods.modlauncher.TransformStore/MODLAUNCHER]: Adding transformer net.minecraftforge.coremod.transformer.CoreModClassTransformer@56f730b2 to Target : CLASS {Lnet/minecraft/world/entity/monster/ZombieVillager;} {} {V}
[31Dec2025 02:08:15.447] [main/DEBUG] [cpw.mods.modlauncher.TransformStore/MODLAUNCHER]: Adding transformer net.minecraftforge.coremod.transformer.CoreModClassTransformer@56f730b2 to Target : CLASS {Lnet/minecraft/world/entity/monster/Evoker$EvokerSummonSpellGoal;} {} {V}
[31Dec2025 02:08:15.447] [main/DEBUG] [cpw.mods.modlauncher.TransformStore/MODLAUNCHER]: Adding transformer net.minecraftforge.coremod.transformer.CoreModClassTransformer@56f730b2 to Target : CLASS {Lnet/minecraft/world/entity/npc/Villager;} {} {V}
[31Dec2025 02:08:15.447] [main/DEBUG] [cpw.mods.modlauncher.TransformStore/MODLAUNCHER]: Adding transformer net.minecraftforge.coremod.transformer.CoreModClassTransformer@56f730b2 to Target : CLASS {Lnet/minecraft/world/level/levelgen/structure/structures/SwampHutPiece;} {} {V}
[31Dec2025 02:08:15.447] [main/DEBUG] [cpw.mods.modlauncher.TransformationServiceDecorator/MODLAUNCHER]: Initialized transformers for transformation service fml
[31Dec2025 02:08:16.191] [main/DEBUG] [mixin/]: Processing prepare() for PlatformAgent[MixinPlatformAgentDefault:ModLauncher Root Container(ModLauncher:4f56a0a2)]
[31Dec2025 02:08:16.191] [main/DEBUG] [mixin/]: Processing launch tasks for PlatformAgent[MixinPlatformAgentDefault:ModLauncher Root Container(ModLauncher:4f56a0a2)]
[31Dec2025 02:08:16.191] [main/DEBUG] [mixin/]: Adding mixin platform agents for container SecureJarResource(minecraft)
[31Dec2025 02:08:16.192] [main/DEBUG] [mixin/]: Instancing new MixinPlatformAgentMinecraftForge for SecureJarResource(minecraft)
[31Dec2025 02:08:16.192] [main/DEBUG] [mixin/]: MixinPlatformAgentMinecraftForge rejected container SecureJarResource(minecraft)
[31Dec2025 02:08:16.193] [main/DEBUG] [mixin/]: Instancing new MixinPlatformAgentDefault for SecureJarResource(minecraft)
[31Dec2025 02:08:16.193] [main/DEBUG] [mixin/]: MixinPlatformAgentDefault accepted container SecureJarResource(minecraft)
[31Dec2025 02:08:16.193] [main/DEBUG] [mixin/]: Processing prepare() for PlatformAgent[MixinPlatformAgentDefault:SecureJarResource(minecraft)]
[31Dec2025 02:08:16.194] [main/DEBUG] [mixin/]: Adding mixin platform agents for container SecureJarResource(farmersdelight)
[31Dec2025 02:08:16.194] [main/DEBUG] [mixin/]: Instancing new MixinPlatformAgentMinecraftForge for SecureJarResource(farmersdelight)
[31Dec2025 02:08:16.194] [main/DEBUG] [mixin/]: MixinPlatformAgentMinecraftForge rejected container SecureJarResource(farmersdelight)
[31Dec2025 02:08:16.195] [main/DEBUG] [mixin/]: Instancing new MixinPlatformAgentDefault for SecureJarResource(farmersdelight)
[31Dec2025 02:08:16.195] [main/DEBUG] [mixin/]: MixinPlatformAgentDefault accepted container SecureJarResource(farmersdelight)
[31Dec2025 02:08:16.195] [main/DEBUG] [mixin/]: Processing prepare() for PlatformAgent[MixinPlatformAgentDefault:SecureJarResource(farmersdelight)]
[31Dec2025 02:08:16.195] [main/DEBUG] [mixin/]: Registering mixin config: farmersdelight.mixins.json
[31Dec2025 02:08:16.214] [main/DEBUG] [mixin/]: Compatibility level JAVA_17 specified by farmersdelight.mixins.json is higher than the maximum level supported by this version of mixin (JAVA_13).
[31Dec2025 02:08:16.218] [main/INFO] [mixin/]: Compatibility level set to JAVA_17
[31Dec2025 02:08:16.218] [main/DEBUG] [mixin/]: Adding mixin platform agents for container SecureJarResource(usefulbackpacks)
[31Dec2025 02:08:16.218] [main/DEBUG] [mixin/]: Instancing new MixinPlatformAgentMinecraftForge for SecureJarResource(usefulbackpacks)
[31Dec2025 02:08:16.219] [main/DEBUG] [mixin/]: MixinPlatformAgentMinecraftForge rejected container SecureJarResource(usefulbackpacks)
[31Dec2025 02:08:16.219] [main/DEBUG] [mixin/]: Instancing new MixinPlatformAgentDefault for SecureJarResource(usefulbackpacks)
[31Dec2025 02:08:16.219] [main/DEBUG] [mixin/]: MixinPlatformAgentDefault accepted container SecureJarResource(usefulbackpacks)
[31Dec2025 02:08:16.219] [main/DEBUG] [mixin/]: Processing prepare() for PlatformAgent[MixinPlatformAgentDefault:SecureJarResource(usefulbackpacks)]
[31Dec2025 02:08:16.219] [main/DEBUG] [mixin/]: Adding mixin platform agents for container SecureJarResource(skyvillages)
[31Dec2025 02:08:16.219] [main/DEBUG] [mixin/]: Instancing new MixinPlatformAgentMinecraftForge for SecureJarResource(skyvillages)
[31Dec2025 02:08:16.219] [main/DEBUG] [mixin/]: MixinPlatformAgentMinecraftForge rejected container SecureJarResource(skyvillages)
[31Dec2025 02:08:16.219] [main/DEBUG] [mixin/]: Instancing new MixinPlatformAgentDefault for SecureJarResource(skyvillages)
[31Dec2025 02:08:16.221] [main/DEBUG] [mixin/]: MixinPlatformAgentDefault accepted container SecureJarResource(skyvillages)
[31Dec2025 02:08:16.222] [main/DEBUG] [mixin/]: Processing prepare() for PlatformAgent[MixinPlatformAgentDefault:SecureJarResource(skyvillages)]
[31Dec2025 02:08:16.222] [main/DEBUG] [mixin/]: Adding mixin platform agents for container SecureJarResource(betterwitchhuts)
[31Dec2025 02:08:16.222] [main/DEBUG] [mixin/]: Instancing new MixinPlatformAgentMinecraftForge for SecureJarResource(betterwitchhuts)
[31Dec2025 02:08:16.223] [main/DEBUG] [mixin/]: MixinPlatformAgentMinecraftForge rejected container SecureJarResource(betterwitchhuts)
[31Dec2025 02:08:16.224] [main/DEBUG] [mixin/]: Instancing new MixinPlatformAgentDefault for SecureJarResource(betterwitchhuts)
[31Dec2025 02:08:16.224] [main/DEBUG] [mixin/]: MixinPlatformAgentDefault accepted container SecureJarResource(betterwitchhuts)
[31Dec2025 02:08:16.224] [main/DEBUG] [mixin/]: Processing prepare() for PlatformAgent[MixinPlatformAgentDefault:SecureJarResource(betterwitchhuts)]
[31Dec2025 02:08:16.224] [main/DEBUG] [mixin/]: Registering mixin config: betterwitchhuts.mixins.json
[31Dec2025 02:08:16.228] [main/DEBUG] [mixin/]: Registering mixin config: betterwitchhuts_forge.mixins.json
[31Dec2025 02:08:16.230] [main/DEBUG] [mixin/]: Adding mixin platform agents for container SecureJarResource(jei)
[31Dec2025 02:08:16.230] [main/DEBUG] [mixin/]: Instancing new MixinPlatformAgentMinecraftForge for SecureJarResource(jei)
[31Dec2025 02:08:16.230] [main/DEBUG] [mixin/]: MixinPlatformAgentMinecraftForge rejected container SecureJarResource(jei)
[31Dec2025 02:08:16.230] [main/DEBUG] [mixin/]: Instancing new MixinPlatformAgentDefault for SecureJarResource(jei)
[31Dec2025 02:08:16.232] [main/DEBUG] [mixin/]: MixinPlatformAgentDefault accepted container SecureJarResource(jei)
[31Dec2025 02:08:16.232] [main/DEBUG] [mixin/]: Processing prepare() for PlatformAgent[MixinPlatformAgentDefault:SecureJarResource(jei)]
[31Dec2025 02:08:16.232] [main/DEBUG] [mixin/]: Adding mixin platform agents for container SecureJarResource(goblintraders)
[31Dec2025 02:08:16.232] [main/DEBUG] [mixin/]: Instancing new MixinPlatformAgentMinecraftForge for SecureJarResource(goblintraders)
[31Dec2025 02:08:16.232] [main/DEBUG] [mixin/]: MixinPlatformAgentMinecraftForge rejected container SecureJarResource(goblintraders)
[31Dec2025 02:08:16.233] [main/DEBUG] [mixin/]: Instancing new MixinPlatformAgentDefault for SecureJarResource(goblintraders)
[31Dec2025 02:08:16.234] [main/DEBUG] [mixin/]: MixinPlatformAgentDefault accepted container SecureJarResource(goblintraders)
[31Dec2025 02:08:16.234] [main/DEBUG] [mixin/]: Processing prepare() for PlatformAgent[MixinPlatformAgentDefault:SecureJarResource(goblintraders)]
[31Dec2025 02:08:16.234] [main/DEBUG] [mixin/]: Registering mixin config: goblintraders.common.mixins.json
[31Dec2025 02:08:16.236] [main/DEBUG] [mixin/]: Adding mixin platform agents for container SecureJarResource(curios)
[31Dec2025 02:08:16.236] [main/DEBUG] [mixin/]: Instancing new MixinPlatformAgentMinecraftForge for SecureJarResource(curios)
[31Dec2025 02:08:16.237] [main/DEBUG] [mixin/]: MixinPlatformAgentMinecraftForge rejected container SecureJarResource(curios)
[31Dec2025 02:08:16.238] [main/DEBUG] [mixin/]: Instancing new MixinPlatformAgentDefault for SecureJarResource(curios)
[31Dec2025 02:08:16.238] [main/DEBUG] [mixin/]: MixinPlatformAgentDefault accepted container SecureJarResource(curios)
[31Dec2025 02:08:16.238] [main/DEBUG] [mixin/]: Processing prepare() for PlatformAgent[MixinPlatformAgentDefault:SecureJarResource(curios)]
[31Dec2025 02:08:16.238] [main/DEBUG] [mixin/]: Registering mixin config: curios.mixins.json
[31Dec2025 02:08:16.241] [main/DEBUG] [mixin/]: Adding mixin platform agents for container SecureJarResource(journeymap)
[31Dec2025 02:08:16.241] [main/DEBUG] [mixin/]: Instancing new MixinPlatformAgentMinecraftForge for SecureJarResource(journeymap)
[31Dec2025 02:08:16.242] [main/DEBUG] [mixin/]: MixinPlatformAgentMinecraftForge rejected container SecureJarResource(journeymap)
[31Dec2025 02:08:16.242] [main/DEBUG] [mixin/]: Instancing new MixinPlatformAgentDefault for SecureJarResource(journeymap)
[31Dec2025 02:08:16.242] [main/DEBUG] [mixin/]: MixinPlatformAgentDefault accepted container SecureJarResource(journeymap)
[31Dec2025 02:08:16.242] [main/DEBUG] [mixin/]: Processing prepare() for PlatformAgent[MixinPlatformAgentDefault:SecureJarResource(journeymap)]
[31Dec2025 02:08:16.242] [main/DEBUG] [mixin/]: Registering mixin config: journeymap.mixins.json
[31Dec2025 02:08:16.246] [main/DEBUG] [mixin/]: Adding mixin platform agents for container SecureJarResource(citadel)
[31Dec2025 02:08:16.246] [main/DEBUG] [mixin/]: Instancing new MixinPlatformAgentMinecraftForge for SecureJarResource(citadel)
[31Dec2025 02:08:16.246] [main/DEBUG] [mixin/]: MixinPlatformAgentMinecraftForge rejected container SecureJarResource(citadel)
[31Dec2025 02:08:16.246] [main/DEBUG] [mixin/]: Instancing new MixinPlatformAgentDefault for SecureJarResource(citadel)
[31Dec2025 02:08:16.246] [main/DEBUG] [mixin/]: MixinPlatformAgentDefault accepted container SecureJarResource(citadel)
[31Dec2025 02:08:16.246] [main/DEBUG] [mixin/]: Processing prepare() for PlatformAgent[MixinPlatformAgentDefault:SecureJarResource(citadel)]
[31Dec2025 02:08:16.246] [main/DEBUG] [mixin/]: Registering mixin config: citadel.mixins.json
[31Dec2025 02:08:16.249] [main/DEBUG] [mixin/]: Adding mixin platform agents for container SecureJarResource(alexsmobs)
[31Dec2025 02:08:16.249] [main/DEBUG] [mixin/]: Instancing new MixinPlatformAgentMinecraftForge for SecureJarResource(alexsmobs)
[31Dec2025 02:08:16.250] [main/DEBUG] [mixin/]: MixinPlatformAgentMinecraftForge rejected container SecureJarResource(alexsmobs)
[31Dec2025 02:08:16.250] [main/DEBUG] [mixin/]: Instancing new MixinPlatformAgentDefault for SecureJarResource(alexsmobs)
[31Dec2025 02:08:16.250] [main/DEBUG] [mixin/]: MixinPlatformAgentDefault accepted container SecureJarResource(alexsmobs)
[31Dec2025 02:08:16.250] [main/DEBUG] [mixin/]: Processing prepare() for PlatformAgent[MixinPlatformAgentDefault:SecureJarResource(alexsmobs)]
[31Dec2025 02:08:16.250] [main/DEBUG] [mixin/]: Registering mixin config: citadel.mixins.json
[31Dec2025 02:08:16.250] [main/DEBUG] [mixin/]: Adding mixin platform agents for container SecureJarResource(artifacts)
[31Dec2025 02:08:16.251] [main/DEBUG] [mixin/]: Instancing new MixinPlatformAgentMinecraftForge for SecureJarResource(artifacts)
[31Dec2025 02:08:16.251] [main/DEBUG] [mixin/]: MixinPlatformAgentMinecraftForge rejected container SecureJarResource(artifacts)
[31Dec2025 02:08:16.251] [main/DEBUG] [mixin/]: Instancing new MixinPlatformAgentDefault for SecureJarResource(artifacts)
[31Dec2025 02:08:16.251] [main/DEBUG] [mixin/]: MixinPlatformAgentDefault accepted container SecureJarResource(artifacts)
[31Dec2025 02:08:16.251] [main/DEBUG] [mixin/]: Processing prepare() for PlatformAgent[MixinPlatformAgentDefault:SecureJarResource(artifacts)]
[31Dec2025 02:08:16.251] [main/DEBUG] [mixin/]: Registering mixin config: mixins.artifacts.common.json
[31Dec2025 02:08:16.253] [main/DEBUG] [mixin/]: Registering mixin config: mixins.artifacts.forge.json
[31Dec2025 02:08:16.255] [main/DEBUG] [mixin/]: Adding mixin platform agents for container SecureJarResource(yungsapi)
[31Dec2025 02:08:16.255] [main/DEBUG] [mixin/]: Instancing new MixinPlatformAgentMinecraftForge for SecureJarResource(yungsapi)
[31Dec2025 02:08:16.255] [main/DEBUG] [mixin/]: MixinPlatformAgentMinecraftForge rejected container SecureJarResource(yungsapi)
[31Dec2025 02:08:16.255] [main/DEBUG] [mixin/]: Instancing new MixinPlatformAgentDefault for SecureJarResource(yungsapi)
[31Dec2025 02:08:16.255] [main/DEBUG] [mixin/]: MixinPlatformAgentDefault accepted container SecureJarResource(yungsapi)
[31Dec2025 02:08:16.255] [main/DEBUG] [mixin/]: Processing prepare() for PlatformAgent[MixinPlatformAgentDefault:SecureJarResource(yungsapi)]
[31Dec2025 02:08:16.255] [main/DEBUG] [mixin/]: Registering mixin config: yungsapi.mixins.json
[31Dec2025 02:08:16.259] [main/DEBUG] [mixin/]: Registering mixin config: yungsapi_forge.mixins.json
[31Dec2025 02:08:16.260] [main/DEBUG] [mixin/]: Adding mixin platform agents for container SecureJarResource(mixinextras)
[31Dec2025 02:08:16.260] [main/DEBUG] [mixin/]: Instancing new MixinPlatformAgentMinecraftForge for SecureJarResource(mixinextras)
[31Dec2025 02:08:16.261] [main/DEBUG] [mixin/]: MixinPlatformAgentMinecraftForge rejected container SecureJarResource(mixinextras)
[31Dec2025 02:08:16.261] [main/DEBUG] [mixin/]: Instancing new MixinPlatformAgentDefault for SecureJarResource(mixinextras)
[31Dec2025 02:08:16.261] [main/DEBUG] [mixin/]: MixinPlatformAgentDefault accepted container SecureJarResource(mixinextras)
[31Dec2025 02:08:16.261] [main/DEBUG] [mixin/]: Processing prepare() for PlatformAgent[MixinPlatformAgentDefault:SecureJarResource(mixinextras)]
[31Dec2025 02:08:16.261] [main/DEBUG] [mixin/]: Registering mixin config: mixinextras.init.mixins.json
[31Dec2025 02:08:16.263] [main/DEBUG] [mixin/]: Adding mixin platform agents for container SecureJarResource(betterstrongholds)
[31Dec2025 02:08:16.263] [main/DEBUG] [mixin/]: Instancing new MixinPlatformAgentMinecraftForge for SecureJarResource(betterstrongholds)
[31Dec2025 02:08:16.263] [main/DEBUG] [mixin/]: MixinPlatformAgentMinecraftForge rejected container SecureJarResource(betterstrongholds)
[31Dec2025 02:08:16.263] [main/DEBUG] [mixin/]: Instancing new MixinPlatformAgentDefault for SecureJarResource(betterstrongholds)
[31Dec2025 02:08:16.263] [main/DEBUG] [mixin/]: MixinPlatformAgentDefault accepted container SecureJarResource(betterstrongholds)
[31Dec2025 02:08:16.264] [main/DEBUG] [mixin/]: Processing prepare() for PlatformAgent[MixinPlatformAgentDefault:SecureJarResource(betterstrongholds)]
[31Dec2025 02:08:16.264] [main/DEBUG] [mixin/]: Registering mixin config: betterstrongholds.mixins.json
[31Dec2025 02:08:16.265] [main/DEBUG] [mixin/]: Registering mixin config: betterstrongholds_forge.mixins.json
[31Dec2025 02:08:16.266] [main/DEBUG] [mixin/]: Adding mixin platform agents for container SecureJarResource(uteamcore)
[31Dec2025 02:08:16.266] [main/DEBUG] [mixin/]: Instancing new MixinPlatformAgentMinecraftForge for SecureJarResource(uteamcore)
[31Dec2025 02:08:16.267] [main/DEBUG] [mixin/]: MixinPlatformAgentMinecraftForge rejected container SecureJarResource(uteamcore)
[31Dec2025 02:08:16.267] [main/DEBUG] [mixin/]: Instancing new MixinPlatformAgentDefault for SecureJarResource(uteamcore)
[31Dec2025 02:08:16.267] [main/DEBUG] [mixin/]: MixinPlatformAgentDefault accepted container SecureJarResource(uteamcore)
[31Dec2025 02:08:16.267] [main/DEBUG] [mixin/]: Processing prepare() for PlatformAgent[MixinPlatformAgentDefault:SecureJarResource(uteamcore)]
[31Dec2025 02:08:16.267] [main/DEBUG] [mixin/]: Registering mixin config: uteamcore.mixins.json
[31Dec2025 02:08:16.269] [main/DEBUG] [mixin/]: Adding mixin platform agents for container SecureJarResource(mvs)
[31Dec2025 02:08:16.269] [main/DEBUG] [mixin/]: Instancing new MixinPlatformAgentMinecraftForge for SecureJarResource(mvs)
[31Dec2025 02:08:16.269] [main/DEBUG] [mixin/]: MixinPlatformAgentMinecraftForge rejected container SecureJarResource(mvs)
[31Dec2025 02:08:16.269] [main/DEBUG] [mixin/]: Instancing new MixinPlatformAgentDefault for SecureJarResource(mvs)
[31Dec2025 02:08:16.269] [main/DEBUG] [mixin/]: MixinPlatformAgentDefault accepted container SecureJarResource(mvs)
[31Dec2025 02:08:16.269] [main/DEBUG] [mixin/]: Processing prepare() for PlatformAgent[MixinPlatformAgentDefault:SecureJarResource(mvs)]
[31Dec2025 02:08:16.270] [main/DEBUG] [mixin/]: Registering mixin config: mvs-common.mixins.json
[31Dec2025 02:08:16.271] [main/DEBUG] [mixin/]: Registering mixin config: mvs-forge.mixins.json
[31Dec2025 02:08:16.273] [main/DEBUG] [mixin/]: Adding mixin platform agents for container SecureJarResource(architectury)
[31Dec2025 02:08:16.273] [main/DEBUG] [mixin/]: Instancing new MixinPlatformAgentMinecraftForge for SecureJarResource(architectury)
[31Dec2025 02:08:16.273] [main/DEBUG] [mixin/]: MixinPlatformAgentMinecraftForge rejected container SecureJarResource(architectury)
[31Dec2025 02:08:16.273] [main/DEBUG] [mixin/]: Instancing new MixinPlatformAgentDefault for SecureJarResource(architectury)
[31Dec2025 02:08:16.273] [main/DEBUG] [mixin/]: MixinPlatformAgentDefault accepted container SecureJarResource(architectury)
[31Dec2025 02:08:16.273] [main/DEBUG] [mixin/]: Processing prepare() for PlatformAgent[MixinPlatformAgentDefault:SecureJarResource(architectury)]
[31Dec2025 02:08:16.273] [main/DEBUG] [mixin/]: Registering mixin config: architectury.mixins.json
[31Dec2025 02:08:16.275] [main/DEBUG] [mixin/]: Compatibility level JAVA_16 specified by architectury.mixins.json is higher than the maximum level supported by this version of mixin (JAVA_13).
[31Dec2025 02:08:16.275] [main/DEBUG] [mixin/]: Registering mixin config: architectury-common.mixins.json
[31Dec2025 02:08:16.276] [main/DEBUG] [mixin/]: Compatibility level JAVA_16 specified by architectury-common.mixins.json is higher than the maximum level supported by this version of mixin (JAVA_13).
[31Dec2025 02:08:16.277] [main/DEBUG] [mixin/]: Adding mixin platform agents for container SecureJarResource(lootr)
[31Dec2025 02:08:16.277] [main/DEBUG] [mixin/]: Instancing new MixinPlatformAgentMinecraftForge for SecureJarResource(lootr)
[31Dec2025 02:08:16.277] [main/DEBUG] [mixin/]: MixinPlatformAgentMinecraftForge rejected container SecureJarResource(lootr)
[31Dec2025 02:08:16.277] [main/DEBUG] [mixin/]: Instancing new MixinPlatformAgentDefault for SecureJarResource(lootr)
[31Dec2025 02:08:16.277] [main/DEBUG] [mixin/]: MixinPlatformAgentDefault accepted container SecureJarResource(lootr)
[31Dec2025 02:08:16.277] [main/DEBUG] [mixin/]: Processing prepare() for PlatformAgent[MixinPlatformAgentDefault:SecureJarResource(lootr)]
[31Dec2025 02:08:16.277] [main/DEBUG] [mixin/]: Registering mixin config: lootr.mixins.json
[31Dec2025 02:08:16.279] [main/DEBUG] [mixin/]: Adding mixin platform agents for container SecureJarResource(terralith)
[31Dec2025 02:08:16.279] [main/DEBUG] [mixin/]: Instancing new MixinPlatformAgentMinecraftForge for SecureJarResource(terralith)
[31Dec2025 02:08:16.279] [main/DEBUG] [mixin/]: MixinPlatformAgentMinecraftForge rejected container SecureJarResource(terralith)
[31Dec2025 02:08:16.279] [main/DEBUG] [mixin/]: Instancing new MixinPlatformAgentDefault for SecureJarResource(terralith)
[31Dec2025 02:08:16.280] [main/DEBUG] [mixin/]: MixinPlatformAgentDefault accepted container SecureJarResource(terralith)
[31Dec2025 02:08:16.280] [main/DEBUG] [mixin/]: Processing prepare() for PlatformAgent[MixinPlatformAgentDefault:SecureJarResource(terralith)]
[31Dec2025 02:08:16.280] [main/DEBUG] [mixin/]: Adding mixin platform agents for container SecureJarResource(framework)
[31Dec2025 02:08:16.280] [main/DEBUG] [mixin/]: Instancing new MixinPlatformAgentMinecraftForge for SecureJarResource(framework)
[31Dec2025 02:08:16.280] [main/DEBUG] [mixin/]: MixinPlatformAgentMinecraftForge rejected container SecureJarResource(framework)
[31Dec2025 02:08:16.280] [main/DEBUG] [mixin/]: Instancing new MixinPlatformAgentDefault for SecureJarResource(framework)
[31Dec2025 02:08:16.281] [main/DEBUG] [mixin/]: MixinPlatformAgentDefault accepted container SecureJarResource(framework)
[31Dec2025 02:08:16.281] [main/DEBUG] [mixin/]: Processing prepare() for PlatformAgent[MixinPlatformAgentDefault:SecureJarResource(framework)]
[31Dec2025 02:08:16.281] [main/DEBUG] [mixin/]: Adding mixin platform agents for container SecureJarResource(imst)
[31Dec2025 02:08:16.281] [main/DEBUG] [mixin/]: Instancing new MixinPlatformAgentMinecraftForge for SecureJarResource(imst)
[31Dec2025 02:08:16.281] [main/DEBUG] [mixin/]: MixinPlatformAgentMinecraftForge rejected container SecureJarResource(imst)
[31Dec2025 02:08:16.281] [main/DEBUG] [mixin/]: Instancing new MixinPlatformAgentDefault for SecureJarResource(imst)
[31Dec2025 02:08:16.281] [main/DEBUG] [mixin/]: MixinPlatformAgentDefault accepted container SecureJarResource(imst)
[31Dec2025 02:08:16.281] [main/DEBUG] [mixin/]: Processing prepare() for PlatformAgent[MixinPlatformAgentDefault:SecureJarResource(imst)]
[31Dec2025 02:08:16.281] [main/DEBUG] [mixin/]: Adding mixin platform agents for container SecureJarResource(betterfortresses)
[31Dec2025 02:08:16.282] [main/DEBUG] [mixin/]: Instancing new MixinPlatformAgentMinecraftForge for SecureJarResource(betterfortresses)
[31Dec2025 02:08:16.282] [main/DEBUG] [mixin/]: MixinPlatformAgentMinecraftForge rejected container SecureJarResource(betterfortresses)
[31Dec2025 02:08:16.282] [main/DEBUG] [mixin/]: Instancing new MixinPlatformAgentDefault for SecureJarResource(betterfortresses)
[31Dec2025 02:08:16.282] [main/DEBUG] [mixin/]: MixinPlatformAgentDefault accepted container SecureJarResource(betterfortresses)
[31Dec2025 02:08:16.282] [main/DEBUG] [mixin/]: Processing prepare() for PlatformAgent[MixinPlatformAgentDefault:SecureJarResource(betterfortresses)]
[31Dec2025 02:08:16.282] [main/DEBUG] [mixin/]: Registering mixin config: betterfortresses.mixins.json
[31Dec2025 02:08:16.283] [main/DEBUG] [mixin/]: Registering mixin config: betterfortresses_forge.mixins.json
[31Dec2025 02:08:16.284] [main/DEBUG] [mixin/]: Adding mixin platform agents for container SecureJarResource(cloth_config)
[31Dec2025 02:08:16.284] [main/DEBUG] [mixin/]: Instancing new MixinPlatformAgentMinecraftForge for SecureJarResource(cloth_config)
[31Dec2025 02:08:16.285] [main/DEBUG] [mixin/]: MixinPlatformAgentMinecraftForge rejected container SecureJarResource(cloth_config)
[31Dec2025 02:08:16.285] [main/DEBUG] [mixin/]: Instancing new MixinPlatformAgentDefault for SecureJarResource(cloth_config)
[31Dec2025 02:08:16.285] [main/DEBUG] [mixin/]: MixinPlatformAgentDefault accepted container SecureJarResource(cloth_config)
[31Dec2025 02:08:16.285] [main/DEBUG] [mixin/]: Processing prepare() for PlatformAgent[MixinPlatformAgentDefault:SecureJarResource(cloth_config)]
[31Dec2025 02:08:16.285] [main/DEBUG] [mixin/]: Adding mixin platform agents for container SecureJarResource(forge)
[31Dec2025 02:08:16.286] [main/DEBUG] [mixin/]: Instancing new MixinPlatformAgentMinecraftForge for SecureJarResource(forge)
[31Dec2025 02:08:16.286] [main/DEBUG] [mixin/]: MixinPlatformAgentMinecraftForge rejected container SecureJarResource(forge)
[31Dec2025 02:08:16.286] [main/DEBUG] [mixin/]: Instancing new MixinPlatformAgentDefault for SecureJarResource(forge)
[31Dec2025 02:08:16.286] [main/DEBUG] [mixin/]: MixinPlatformAgentDefault accepted container SecureJarResource(forge)
[31Dec2025 02:08:16.286] [main/DEBUG] [mixin/]: Processing prepare() for PlatformAgent[MixinPlatformAgentDefault:SecureJarResource(forge)]
[31Dec2025 02:08:16.286] [main/DEBUG] [mixin/]: Adding mixin platform agents for container SecureJarResource(expandability)
[31Dec2025 02:08:16.289] [main/DEBUG] [mixin/]: Instancing new MixinPlatformAgentMinecraftForge for SecureJarResource(expandability)
[31Dec2025 02:08:16.289] [main/DEBUG] [mixin/]: MixinPlatformAgentMinecraftForge rejected container SecureJarResource(expandability)
[31Dec2025 02:08:16.289] [main/DEBUG] [mixin/]: Instancing new MixinPlatformAgentDefault for SecureJarResource(expandability)
[31Dec2025 02:08:16.290] [main/DEBUG] [mixin/]: MixinPlatformAgentDefault accepted container SecureJarResource(expandability)
[31Dec2025 02:08:16.290] [main/DEBUG] [mixin/]: Processing prepare() for PlatformAgent[MixinPlatformAgentDefault:SecureJarResource(expandability)]
[31Dec2025 02:08:16.290] [main/DEBUG] [mixin/]: Registering mixin config: expandability.mixins.json
[31Dec2025 02:08:16.291] [main/DEBUG] [mixin/]: Registering mixin config: expandability-common.mixins.json
[31Dec2025 02:08:16.292] [main/DEBUG] [mixin/]: Adding mixin platform agents for container SecureJarResource(bettermineshafts)
[31Dec2025 02:08:16.293] [main/DEBUG] [mixin/]: Instancing new MixinPlatformAgentMinecraftForge for SecureJarResource(bettermineshafts)
[31Dec2025 02:08:16.293] [main/DEBUG] [mixin/]: MixinPlatformAgentMinecraftForge rejected container SecureJarResource(bettermineshafts)
[31Dec2025 02:08:16.293] [main/DEBUG] [mixin/]: Instancing new MixinPlatformAgentDefault for SecureJarResource(bettermineshafts)
[31Dec2025 02:08:16.293] [main/DEBUG] [mixin/]: MixinPlatformAgentDefault accepted container SecureJarResource(bettermineshafts)
[31Dec2025 02:08:16.293] [main/DEBUG] [mixin/]: Processing prepare() for PlatformAgent[MixinPlatformAgentDefault:SecureJarResource(bettermineshafts)]
[31Dec2025 02:08:16.293] [main/DEBUG] [mixin/]: Registering mixin config: bettermineshafts.mixins.json
[31Dec2025 02:08:16.295] [main/DEBUG] [mixin/]: Registering mixin config: bettermineshafts_forge.mixins.json
[31Dec2025 02:08:16.296] [main/DEBUG] [mixin/]: Adding mixin platform agents for container SecureJarResource(betterjungletemples)
[31Dec2025 02:08:16.296] [main/DEBUG] [mixin/]: Instancing new MixinPlatformAgentMinecraftForge for SecureJarResource(betterjungletemples)
[31Dec2025 02:08:16.296] [main/DEBUG] [mixin/]: MixinPlatformAgentMinecraftForge rejected container SecureJarResource(betterjungletemples)
[31Dec2025 02:08:16.296] [main/DEBUG] [mixin/]: Instancing new MixinPlatformAgentDefault for SecureJarResource(betterjungletemples)
[31Dec2025 02:08:16.296] [main/DEBUG] [mixin/]: MixinPlatformAgentDefault accepted container SecureJarResource(betterjungletemples)
[31Dec2025 02:08:16.297] [main/DEBUG] [mixin/]: Processing prepare() for PlatformAgent[MixinPlatformAgentDefault:SecureJarResource(betterjungletemples)]
[31Dec2025 02:08:16.297] [main/DEBUG] [mixin/]: Registering mixin config: betterjungletemples.mixins.json
[31Dec2025 02:08:16.298] [main/DEBUG] [mixin/]: Registering mixin config: betterjungletemples_forge.mixins.json
[31Dec2025 02:08:16.300] [main/DEBUG] [mixin/]: Adding mixin platform agents for container SecureJarResource(MixinExtras)
[31Dec2025 02:08:16.300] [main/DEBUG] [mixin/]: Instancing new MixinPlatformAgentMinecraftForge for SecureJarResource(MixinExtras)
[31Dec2025 02:08:16.300] [main/DEBUG] [mixin/]: MixinPlatformAgentMinecraftForge rejected container SecureJarResource(MixinExtras)
[31Dec2025 02:08:16.300] [main/DEBUG] [mixin/]: Instancing new MixinPlatformAgentDefault for SecureJarResource(MixinExtras)
[31Dec2025 02:08:16.300] [main/DEBUG] [mixin/]: MixinPlatformAgentDefault accepted container SecureJarResource(MixinExtras)
[31Dec2025 02:08:16.300] [main/DEBUG] [mixin/]: Processing prepare() for PlatformAgent[MixinPlatformAgentDefault:SecureJarResource(MixinExtras)]
[31Dec2025 02:08:16.300] [main/DEBUG] [mixin/]: inject() running with 30 agents
[31Dec2025 02:08:16.300] [main/DEBUG] [mixin/]: Processing inject() for PlatformAgent[MixinPlatformAgentDefault:ModLauncher Root Container(ModLauncher:4f56a0a2)]
[31Dec2025 02:08:16.300] [main/DEBUG] [mixin/]: Processing inject() for PlatformAgent[MixinPlatformAgentDefault:SecureJarResource(minecraft)]
[31Dec2025 02:08:16.301] [main/DEBUG] [mixin/]: Processing inject() for PlatformAgent[MixinPlatformAgentDefault:SecureJarResource(farmersdelight)]
[31Dec2025 02:08:16.301] [main/DEBUG] [mixin/]: Processing inject() for PlatformAgent[MixinPlatformAgentDefault:SecureJarResource(usefulbackpacks)]
[31Dec2025 02:08:16.301] [main/DEBUG] [mixin/]: Processing inject() for PlatformAgent[MixinPlatformAgentDefault:SecureJarResource(skyvillages)]
[31Dec2025 02:08:16.301] [main/DEBUG] [mixin/]: Processing inject() for PlatformAgent[MixinPlatformAgentDefault:SecureJarResource(betterwitchhuts)]
[31Dec2025 02:08:16.301] [main/DEBUG] [mixin/]: Processing inject() for PlatformAgent[MixinPlatformAgentDefault:SecureJarResource(jei)]
[31Dec2025 02:08:16.301] [main/DEBUG] [mixin/]: Processing inject() for PlatformAgent[MixinPlatformAgentDefault:SecureJarResource(goblintraders)]
[31Dec2025 02:08:16.301] [main/DEBUG] [mixin/]: Processing inject() for PlatformAgent[MixinPlatformAgentDefault:SecureJarResource(curios)]
[31Dec2025 02:08:16.301] [main/DEBUG] [mixin/]: Processing inject() for PlatformAgent[MixinPlatformAgentDefault:SecureJarResource(journeymap)]
[31Dec2025 02:08:16.301] [main/DEBUG] [mixin/]: Processing inject() for PlatformAgent[MixinPlatformAgentDefault:SecureJarResource(citadel)]
[31Dec2025 02:08:16.301] [main/DEBUG] [mixin/]: Processing inject() for PlatformAgent[MixinPlatformAgentDefault:SecureJarResource(alexsmobs)]
[31Dec2025 02:08:16.301] [main/DEBUG] [mixin/]: Processing inject() for PlatformAgent[MixinPlatformAgentDefault:SecureJarResource(artifacts)]
[31Dec2025 02:08:16.302] [main/DEBUG] [mixin/]: Processing inject() for PlatformAgent[MixinPlatformAgentDefault:SecureJarResource(yungsapi)]
[31Dec2025 02:08:16.302] [main/DEBUG] [mixin/]: Processing inject() for PlatformAgent[MixinPlatformAgentDefault:SecureJarResource(mixinextras)]
[31Dec2025 02:08:16.302] [main/DEBUG] [mixin/]: Processing inject() for PlatformAgent[MixinPlatformAgentDefault:SecureJarResource(betterstrongholds)]
[31Dec2025 02:08:16.302] [main/DEBUG] [mixin/]: Processing inject() for PlatformAgent[MixinPlatformAgentDefault:SecureJarResource(uteamcore)]
[31Dec2025 02:08:16.302] [main/DEBUG] [mixin/]: Processing inject() for PlatformAgent[MixinPlatformAgentDefault:SecureJarResource(mvs)]
[31Dec2025 02:08:16.302] [main/DEBUG] [mixin/]: Processing inject() for PlatformAgent[MixinPlatformAgentDefault:SecureJarResource(architectury)]
[31Dec2025 02:08:16.303] [main/DEBUG] [mixin/]: Processing inject() for PlatformAgent[MixinPlatformAgentDefault:SecureJarResource(lootr)]
[31Dec2025 02:08:16.303] [main/DEBUG] [mixin/]: Processing inject() for PlatformAgent[MixinPlatformAgentDefault:SecureJarResource(terralith)]
[31Dec2025 02:08:16.303] [main/DEBUG] [mixin/]: Processing inject() for PlatformAgent[MixinPlatformAgentDefault:SecureJarResource(framework)]
[31Dec2025 02:08:16.303] [main/DEBUG] [mixin/]: Processing inject() for PlatformAgent[MixinPlatformAgentDefault:SecureJarResource(imst)]
[31Dec2025 02:08:16.303] [main/DEBUG] [mixin/]: Processing inject() for PlatformAgent[MixinPlatformAgentDefault:SecureJarResource(betterfortresses)]
[31Dec2025 02:08:16.304] [main/DEBUG] [mixin/]: Processing inject() for PlatformAgent[MixinPlatformAgentDefault:SecureJarResource(cloth_config)]
[31Dec2025 02:08:16.304] [main/DEBUG] [mixin/]: Processing inject() for PlatformAgent[MixinPlatformAgentDefault:SecureJarResource(forge)]
[31Dec2025 02:08:16.304] [main/DEBUG] [mixin/]: Processing inject() for PlatformAgent[MixinPlatformAgentDefault:SecureJarResource(expandability)]
[31Dec2025 02:08:16.304] [main/DEBUG] [mixin/]: Processing inject() for PlatformAgent[MixinPlatformAgentDefault:SecureJarResource(bettermineshafts)]
[31Dec2025 02:08:16.304] [main/DEBUG] [mixin/]: Processing inject() for PlatformAgent[MixinPlatformAgentDefault:SecureJarResource(betterjungletemples)]
[31Dec2025 02:08:16.304] [main/DEBUG] [mixin/]: Processing inject() for PlatformAgent[MixinPlatformAgentDefault:SecureJarResource(MixinExtras)]
[31Dec2025 02:08:16.305] [main/INFO] [cpw.mods.modlauncher.LaunchServiceHandler/MODLAUNCHER]: Launching target 'forgeserver' with arguments [nogui]
[31Dec2025 02:08:16.338] [main/DEBUG] [mixin/]: Error cleaning class output directory: .mixin.out
[31Dec2025 02:08:16.339] [main/DEBUG] [mixin/]: Preparing mixins for MixinEnvironment[DEFAULT]
[31Dec2025 02:08:16.340] [main/DEBUG] [mixin/]: Selecting config farmersdelight.mixins.json
[31Dec2025 02:08:16.346] [main/DEBUG] [mixin/]: Selecting config betterwitchhuts.mixins.json
[31Dec2025 02:08:16.347] [main/DEBUG] [mixin/]: Selecting config betterwitchhuts_forge.mixins.json
[31Dec2025 02:08:16.348] [main/DEBUG] [mixin/]: Selecting config goblintraders.common.mixins.json
[31Dec2025 02:08:16.349] [main/DEBUG] [mixin/]: Selecting config curios.mixins.json
[31Dec2025 02:08:16.353] [main/DEBUG] [mixin/]: Selecting config journeymap.mixins.json
[31Dec2025 02:08:16.354] [main/DEBUG] [mixin/]: Selecting config citadel.mixins.json
[31Dec2025 02:08:16.356] [main/DEBUG] [mixin/]: Selecting config mixins.artifacts.common.json
[31Dec2025 02:08:16.360] [main/DEBUG] [mixin/]: Selecting config mixins.artifacts.forge.json
[31Dec2025 02:08:16.364] [main/DEBUG] [mixin/]: Selecting config yungsapi.mixins.json
[31Dec2025 02:08:16.372] [main/DEBUG] [mixin/]: Selecting config yungsapi_forge.mixins.json
[31Dec2025 02:08:16.373] [main/DEBUG] [mixin/]: Selecting config mixinextras.init.mixins.json
[31Dec2025 02:08:16.413] [main/DEBUG] [MixinExtras|Service/]: com.llamalad7.mixinextras.service.MixinExtrasServiceImpl(version=0.3.5) is taking over from null
[31Dec2025 02:08:16.448] [main/DEBUG] [mixin/]: Registering new injector for @Inject with org.spongepowered.asm.mixin.injection.struct.CallbackInjectionInfo
[31Dec2025 02:08:16.449] [main/DEBUG] [mixin/]: Registering new injector for @ModifyArg with org.spongepowered.asm.mixin.injection.struct.ModifyArgInjectionInfo
[31Dec2025 02:08:16.450] [main/DEBUG] [mixin/]: Registering new injector for @ModifyArgs with org.spongepowered.asm.mixin.injection.struct.ModifyArgsInjectionInfo
[31Dec2025 02:08:16.452] [main/DEBUG] [mixin/]: Registering new injector for @Redirect with org.spongepowered.asm.mixin.injection.struct.RedirectInjectionInfo
[31Dec2025 02:08:16.453] [main/DEBUG] [mixin/]: Registering new injector for @ModifyVariable with org.spongepowered.asm.mixin.injection.struct.ModifyVariableInjectionInfo
[31Dec2025 02:08:16.455] [main/DEBUG] [mixin/]: Registering new injector for @ModifyConstant with org.spongepowered.asm.mixin.injection.struct.ModifyConstantInjectionInfo
[31Dec2025 02:08:16.472] [main/DEBUG] [mixin/]: Selecting config betterstrongholds.mixins.json
[31Dec2025 02:08:16.473] [main/DEBUG] [mixin/]: Selecting config betterstrongholds_forge.mixins.json
[31Dec2025 02:08:16.474] [main/DEBUG] [mixin/]: Selecting config uteamcore.mixins.json
[31Dec2025 02:08:16.475] [main/DEBUG] [mixin/]: Selecting config mvs-common.mixins.json
[31Dec2025 02:08:16.477] [main/DEBUG] [mixin/]: Selecting config mvs-forge.mixins.json
[31Dec2025 02:08:16.478] [main/WARN] [mixin/]: Reference map 'mvs-forge-refmap.json' for mvs-forge.mixins.json could not be read. If this is a development environment you can ignore this message
[31Dec2025 02:08:16.478] [main/DEBUG] [mixin/]: Selecting config architectury.mixins.json
[31Dec2025 02:08:16.481] [main/DEBUG] [mixin/]: Selecting config architectury-common.mixins.json
[31Dec2025 02:08:16.484] [main/DEBUG] [mixin/]: Selecting config lootr.mixins.json
[31Dec2025 02:08:16.485] [main/DEBUG] [mixin/]: Selecting config betterfortresses.mixins.json
[31Dec2025 02:08:16.486] [main/DEBUG] [mixin/]: Selecting config betterfortresses_forge.mixins.json
[31Dec2025 02:08:16.487] [main/DEBUG] [mixin/]: Selecting config expandability.mixins.json
[31Dec2025 02:08:16.491] [main/DEBUG] [mixin/]: Selecting config expandability-common.mixins.json
[31Dec2025 02:08:16.495] [main/DEBUG] [mixin/]: Selecting config bettermineshafts.mixins.json
[31Dec2025 02:08:16.496] [main/DEBUG] [mixin/]: Selecting config bettermineshafts_forge.mixins.json
[31Dec2025 02:08:16.497] [main/DEBUG] [mixin/]: Selecting config betterjungletemples.mixins.json
[31Dec2025 02:08:16.501] [main/DEBUG] [mixin/]: Selecting config betterjungletemples_forge.mixins.json
[31Dec2025 02:08:16.503] [main/DEBUG] [mixin/]: Preparing farmersdelight.mixins.json (10)
[31Dec2025 02:08:16.581] [main/DEBUG] [mixin/]: Preparing betterwitchhuts.mixins.json (5)
[31Dec2025 02:08:16.600] [main/DEBUG] [net.minecraftforge.coremod.transformer.CoreModBaseTransformer/COREMOD]: Transforming net/minecraft/world/level/levelgen/structure/templatesystem/StructureTemplate
[31Dec2025 02:08:17.033] [main/DEBUG] [mixin/]: Preparing betterwitchhuts_forge.mixins.json (0)
[31Dec2025 02:08:17.033] [main/DEBUG] [mixin/]: Preparing goblintraders.common.mixins.json (5)
[31Dec2025 02:08:17.045] [main/DEBUG] [mixin/]: Preparing curios.mixins.json (13)
[31Dec2025 02:08:17.164] [main/DEBUG] [mixin/]: Preparing journeymap.mixins.json (3)
[31Dec2025 02:08:17.164] [main/DEBUG] [mixin/]: Preparing citadel.mixins.json (16)
[31Dec2025 02:08:17.225] [main/DEBUG] [mixin/]: Preparing mixins.artifacts.common.json (21)
[31Dec2025 02:08:17.250] [main/DEBUG] [net.minecraftforge.coremod.transformer.CoreModBaseTransformer/COREMOD]: Transforming net/minecraft/world/level/NaturalSpawner
[31Dec2025 02:08:17.377] [main/DEBUG] [net.minecraftforge.coremod.transformer.CoreModBaseTransformer/COREMOD]: Transforming net/minecraft/world/entity/npc/Villager
[31Dec2025 02:08:17.555] [main/DEBUG] [mixin/]: Preparing mixins.artifacts.forge.json (3)
[31Dec2025 02:08:17.559] [main/DEBUG] [mixin/]: Preparing yungsapi.mixins.json (11)
[31Dec2025 02:08:17.566] [main/DEBUG] [yungsapi/]: Loaded com.yungnickyoung.minecraft.yungsapi.services.ForgePlatformHelper@697d6ded for service interface com.yungnickyoung.minecraft.yungsapi.services.IPlatformHelper
[31Dec2025 02:08:17.568] [main/DEBUG] [yungsapi/]: Loaded com.yungnickyoung.minecraft.yungsapi.services.ForgeAutoRegisterHelper@114a5e0 for service interface com.yungnickyoung.minecraft.yungsapi.services.IAutoRegisterHelper
[31Dec2025 02:08:17.569] [main/DEBUG] [yungsapi/]: Loaded com.yungnickyoung.minecraft.yungsapi.services.ForgeBlockEntityTypeHelper@2ed9f6f8 for service interface com.yungnickyoung.minecraft.yungsapi.services.IBlockEntityTypeHelper
[31Dec2025 02:08:17.570] [main/DEBUG] [yungsapi/]: Loaded com.yungnickyoung.minecraft.yungsapi.services.ForgeParticleTypeHelper@3292d91a for service interface com.yungnickyoung.minecraft.yungsapi.services.IParticleTypeHelper
[31Dec2025 02:08:17.597] [main/DEBUG] [mixin/]: Preparing yungsapi_forge.mixins.json (1)
[31Dec2025 02:08:17.598] [main/DEBUG] [mixin/]: Preparing mixinextras.init.mixins.json (0)
[31Dec2025 02:08:17.598] [main/DEBUG] [mixin/]: Preparing betterstrongholds.mixins.json (2)
[31Dec2025 02:08:17.599] [main/DEBUG] [mixin/]: Preparing betterstrongholds_forge.mixins.json (0)
[31Dec2025 02:08:17.599] [main/DEBUG] [mixin/]: Preparing uteamcore.mixins.json (5)
[31Dec2025 02:08:17.608] [main/DEBUG] [mixin/]: Preparing mvs-common.mixins.json (12)
[31Dec2025 02:08:17.625] [main/DEBUG] [mixin/]: Preparing mvs-forge.mixins.json (0)
[31Dec2025 02:08:17.625] [main/DEBUG] [mixin/]: Preparing architectury.mixins.json (8)
[31Dec2025 02:08:17.637] [main/DEBUG] [mixin/]: Preparing architectury-common.mixins.json (10)
[31Dec2025 02:08:17.648] [main/DEBUG] [net.minecraftforge.coremod.transformer.CoreModBaseTransformer/COREMOD]: Transforming net/minecraft/world/item/BucketItem
[31Dec2025 02:08:17.661] [main/DEBUG] [net.minecraftforge.coremod.transformer.CoreModBaseTransformer/COREMOD]: Transforming net/minecraft/world/entity/EntityType
[31Dec2025 02:08:17.771] [main/DEBUG] [net.minecraftforge.coremod.transformer.CoreModBaseTransformer/COREMOD]: Transforming net/minecraft/world/level/block/LiquidBlock
[31Dec2025 02:08:17.781] [main/DEBUG] [mixin/]: Preparing lootr.mixins.json (7)
[31Dec2025 02:08:17.793] [main/DEBUG] [mixin/]: Preparing betterfortresses.mixins.json (6)
[31Dec2025 02:08:17.800] [main/DEBUG] [mixin/]: Preparing betterfortresses_forge.mixins.json (0)
[31Dec2025 02:08:17.800] [main/DEBUG] [mixin/]: Preparing expandability.mixins.json (4)
[31Dec2025 02:08:17.801] [main/DEBUG] [mixin/]: Preparing expandability-common.mixins.json (9)
[31Dec2025 02:08:17.825] [main/DEBUG] [mixin/]: Preparing bettermineshafts.mixins.json (4)
[31Dec2025 02:08:17.833] [main/DEBUG] [mixin/]: Preparing bettermineshafts_forge.mixins.json (0)
[31Dec2025 02:08:17.833] [main/DEBUG] [mixin/]: Preparing betterjungletemples.mixins.json (8)
[31Dec2025 02:08:17.841] [main/DEBUG] [mixin/]: Preparing betterjungletemples_forge.mixins.json (0)
[31Dec2025 02:08:17.907] [main/DEBUG] [mixin/]: Prepared 137 mixins in 1.568 sec (11.4ms avg) (0ms load, 0ms transform, 0ms plugin)
[31Dec2025 02:08:17.920] [main/INFO] [MixinExtras|Service/]: Initializing MixinExtras via com.llamalad7.mixinextras.service.MixinExtrasServiceImpl(version=0.3.5).
[31Dec2025 02:08:17.922] [main/DEBUG] [mixin/]: Registering new injector for @SugarWrapper with com.llamalad7.mixinextras.sugar.impl.SugarWrapperInjectionInfo
[31Dec2025 02:08:17.922] [main/DEBUG] [mixin/]: Registering new injector for @FactoryRedirectWrapper with com.llamalad7.mixinextras.wrapper.factory.FactoryRedirectWrapperInjectionInfo
[31Dec2025 02:08:17.927] [main/DEBUG] [mixin/]: Mixing MinecraftServerMixin from citadel.mixins.json into net.minecraft.server.MinecraftServer
[31Dec2025 02:08:18.048] [main/DEBUG] [io.netty.util.internal.logging.InternalLoggerFactory/]: Using SLF4J as the default logging framework
[31Dec2025 02:08:18.051] [main/DEBUG] [io.netty.util.ResourceLeakDetector/]: -Dio.netty.leakDetection.level: simple
[31Dec2025 02:08:18.051] [main/DEBUG] [io.netty.util.ResourceLeakDetector/]: -Dio.netty.leakDetection.targetRecords: 4
[31Dec2025 02:08:18.212] [main/DEBUG] [oshi.util.FileUtil/]: No oshi.properties file found from ClassLoader cpw.mods.modlauncher.TransformingClassLoader@4a8a0099
[31Dec2025 02:08:18.214] [main/DEBUG] [oshi.util.FileUtil/]: No oshi.properties file found from ClassLoader jdk.internal.loader.ClassLoaders$AppClassLoader@76ed5528
[31Dec2025 02:08:18.259] [main/DEBUG] [oshi.util.FileUtil/]: Reading file /proc/self/auxv
[31Dec2025 02:08:18.260] [main/DEBUG] [oshi.util.FileUtil/]: Reading file /proc/self/auxv
[31Dec2025 02:08:18.264] [main/DEBUG] [oshi.util.FileUtil/]: Reading file /proc/stat
[31Dec2025 02:08:18.272] [main/DEBUG] [oshi.util.FileUtil/]: Reading file /sys/devices/system/cpu/cpu0/topology/core_id
[31Dec2025 02:08:18.272] [main/DEBUG] [oshi.util.FileUtil/]: Reading file /sys/devices/system/cpu/cpu0/topology/core_id
[31Dec2025 02:08:18.272] [main/DEBUG] [oshi.util.FileUtil/]: Reading file /sys/devices/system/cpu/cpu0/topology/physical_package_id
[31Dec2025 02:08:18.272] [main/DEBUG] [oshi.util.FileUtil/]: Reading file /sys/devices/system/cpu/cpu0/topology/physical_package_id
[31Dec2025 02:08:18.272] [main/DEBUG] [oshi.util.FileUtil/]: Reading file /sys/devices/system/cpu/cpu0/cpu_capacity
[31Dec2025 02:08:18.274] [main/DEBUG] [oshi.util.FileUtil/]: Reading file /sys/devices/system/cpu/cpu1/topology/core_id
[31Dec2025 02:08:18.275] [main/DEBUG] [oshi.util.FileUtil/]: Reading file /sys/devices/system/cpu/cpu1/topology/core_id
[31Dec2025 02:08:18.275] [main/DEBUG] [oshi.util.FileUtil/]: Reading file /sys/devices/system/cpu/cpu1/topology/physical_package_id
[31Dec2025 02:08:18.275] [main/DEBUG] [oshi.util.FileUtil/]: Reading file /sys/devices/system/cpu/cpu1/topology/physical_package_id
[31Dec2025 02:08:18.276] [main/DEBUG] [oshi.util.FileUtil/]: Reading file /sys/devices/system/cpu/cpu1/cpu_capacity
[31Dec2025 02:08:18.276] [main/DEBUG] [oshi.util.FileUtil/]: Reading file /sys/devices/system/cpu/cpu2/topology/core_id
[31Dec2025 02:08:18.276] [main/DEBUG] [oshi.util.FileUtil/]: Reading file /sys/devices/system/cpu/cpu2/topology/core_id
[31Dec2025 02:08:18.276] [main/DEBUG] [oshi.util.FileUtil/]: Reading file /sys/devices/system/cpu/cpu2/topology/physical_package_id
[31Dec2025 02:08:18.276] [main/DEBUG] [oshi.util.FileUtil/]: Reading file /sys/devices/system/cpu/cpu2/topology/physical_package_id
[31Dec2025 02:08:18.276] [main/DEBUG] [oshi.util.FileUtil/]: Reading file /sys/devices/system/cpu/cpu2/cpu_capacity
[31Dec2025 02:08:18.277] [main/DEBUG] [oshi.util.FileUtil/]: Reading file /sys/devices/system/cpu/cpu3/topology/core_id
[31Dec2025 02:08:18.277] [main/DEBUG] [oshi.util.FileUtil/]: Reading file /sys/devices/system/cpu/cpu3/topology/core_id
[31Dec2025 02:08:18.277] [main/DEBUG] [oshi.util.FileUtil/]: Reading file /sys/devices/system/cpu/cpu3/topology/physical_package_id
[31Dec2025 02:08:18.277] [main/DEBUG] [oshi.util.FileUtil/]: Reading file /sys/devices/system/cpu/cpu3/topology/physical_package_id
[31Dec2025 02:08:18.277] [main/DEBUG] [oshi.util.FileUtil/]: Reading file /sys/devices/system/cpu/cpu3/cpu_capacity
[31Dec2025 02:08:18.279] [main/DEBUG] [oshi.util.FileUtil/]: Reading file /proc/cpuinfo
[31Dec2025 02:08:18.289] [main/DEBUG] [oshi.util.FileUtil/]: Reading file /proc/self/auxv
[31Dec2025 02:08:18.291] [main/DEBUG] [oshi.util.FileUtil/]: No oshi.architecture.properties file found from ClassLoader cpw.mods.modlauncher.TransformingClassLoader@4a8a0099
[31Dec2025 02:08:18.291] [main/DEBUG] [oshi.util.FileUtil/]: No oshi.architecture.properties file found from ClassLoader jdk.internal.loader.ClassLoaders$AppClassLoader@76ed5528
[31Dec2025 02:08:18.305] [main/DEBUG] [oshi.util.FileUtil/]: Reading file /proc/meminfo
[31Dec2025 02:08:18.306] [main/DEBUG] [oshi.util.FileUtil/]: Reading file /proc/meminfo
[31Dec2025 02:08:18.310] [main/DEBUG] [mixin/]: Mixing SuppressLogMixin from bettermineshafts.mixins.json into net.minecraft.Util
[31Dec2025 02:08:18.411] [main/DEBUG] [mixin/]: Mixing inject.MixinGameEvent from architectury-common.mixins.json into net.minecraft.world.level.gameevent.GameEvent
[31Dec2025 02:08:18.466] [main/DEBUG] [mixin/]: Mixing inject.MixinBlock from architectury-common.mixins.json into net.minecraft.world.level.block.Block
[31Dec2025 02:08:18.498] [main/DEBUG] [mixin/]: Mixing fluidcollision.BlockStateBaseMixin from expandability-common.mixins.json into net.minecraft.world.level.block.state.BlockBehaviour$BlockStateBase
[31Dec2025 02:08:18.541] [main/DEBUG] [mixin/]: Mixing AccessorEntity from curios.mixins.json into net.minecraft.world.entity.Entity
[31Dec2025 02:08:18.547] [main/DEBUG] [mixin/]: Mixing item.umbrella.EntityMixin from mixins.artifacts.common.json into net.minecraft.world.entity.Entity
[31Dec2025 02:08:18.551] [main/DEBUG] [mixin/]: Mixing item.wearable.aquadashers.EntityMixin from mixins.artifacts.common.json into net.minecraft.world.entity.Entity
[31Dec2025 02:08:18.584] [main/DEBUG] [mixin/]: Mixing swimming.EntityMixin from expandability.mixins.json into net.minecraft.world.entity.Entity
[31Dec2025 02:08:18.590] [main/DEBUG] [mixin/]: Mixing swimming.EntityMixin from expandability-common.mixins.json into net.minecraft.world.entity.Entity
[31Dec2025 02:08:18.722] [main/DEBUG] [mixin/]: Mixing MixinLivingEntity from curios.mixins.json into net.minecraft.world.entity.LivingEntity
[31Dec2025 02:08:18.726] [main/DEBUG] [mixin/]: Mixing LivingEntityMixin from citadel.mixins.json into net.minecraft.world.entity.LivingEntity
[31Dec2025 02:08:18.735] [main/DEBUG] [mixin/]: Mixing accessors.LivingEntityAccessor from mixins.artifacts.common.json into net.minecraft.world.entity.LivingEntity
[31Dec2025 02:08:18.736] [main/DEBUG] [mixin/]: Mixing item.hurtsound.LivingEntityMixin from mixins.artifacts.common.json into net.minecraft.world.entity.LivingEntity
[31Dec2025 02:08:18.740] [main/DEBUG] [mixin/]: Mixing item.wearable.chorustotem.LivingEntityMixin from mixins.artifacts.common.json into net.minecraft.world.entity.LivingEntity
[31Dec2025 02:08:18.744] [main/DEBUG] [net.minecraftforge.coremod.transformer.CoreModBaseTransformer/COREMOD]: Transforming net/minecraft/world/item/ItemStack
[31Dec2025 02:08:18.802] [main/DEBUG] [mixin/]: Mixing item.wearable.snowshoes.LivingEntityMixin from mixins.artifacts.forge.json into net.minecraft.world.entity.LivingEntity
[31Dec2025 02:08:18.806] [main/DEBUG] [mixin/]: Mixing swimming.LivingEntityMixin from expandability.mixins.json into net.minecraft.world.entity.LivingEntity
[31Dec2025 02:08:18.807] [main/DEBUG] [mixin/]: Mixing swimming.LivingEntityMixin from expandability-common.mixins.json into net.minecraft.world.entity.LivingEntity
[31Dec2025 02:08:18.925] [main/DEBUG] [mixin/]: Mixing LevelMixin from citadel.mixins.json into net.minecraft.world.level.Level
[31Dec2025 02:08:18.966] [main/DEBUG] [mixin/]: Mixing ServerLevelMixin from citadel.mixins.json into net.minecraft.server.level.ServerLevel
[31Dec2025 02:08:18.996] [main/DEBUG] [mixin/]: Mixing swimming.PlayerMixin from expandability-common.mixins.json into net.minecraft.world.entity.player.Player
[31Dec2025 02:08:19.060] [main/DEBUG] [mixin/]: Mixing inject.MixinFluid from architectury-common.mixins.json into net.minecraft.world.level.material.Fluid
[31Dec2025 02:08:19.068] [main/DEBUG] [mixin/]: Mixing ItemMixin from uteamcore.mixins.json into net.minecraft.world.item.Item
[31Dec2025 02:08:19.073] [main/DEBUG] [mixin/]: Mixing inject.MixinItem from architectury-common.mixins.json into net.minecraft.world.item.Item
[31Dec2025 02:08:19.091] [main/DEBUG] [net.minecraftforge.coremod.transformer.CoreModBaseTransformer/COREMOD]: Transforming net/minecraft/world/entity/EntityType
[31Dec2025 02:08:19.152] [main/DEBUG] [mixin/]: Mixing inject.MixinEntityType from architectury-common.mixins.json into net.minecraft.world.entity.EntityType
[31Dec2025 02:08:19.165] [main/DEBUG] [mixin/]: Mixing EnchantmentMixin from goblintraders.common.mixins.json into net.minecraft.world.item.enchantment.Enchantment
[31Dec2025 02:08:19.205] [main/DEBUG] [mixin/]: Mixing MixinPoiTypes from lootr.mixins.json into net.minecraft.world.entity.ai.village.poi.PoiTypes
[31Dec2025 02:08:19.213] [main/DEBUG] [mixin/]: Mixing MixinPoiType from lootr.mixins.json into net.minecraft.world.entity.ai.village.poi.PoiType
[31Dec2025 02:08:19.236] [main/DEBUG] [mixin/]: Mixing KeepRichSoilGiantTreeMixin from farmersdelight.mixins.json into net.minecraft.world.level.levelgen.feature.Feature
[31Dec2025 02:08:19.237] [main/DEBUG] [mixin/]: Renaming synthetic method lambda$keepRichSoil$0(Lnet/minecraft/world/level/block/state/BlockState;)Z to md9edffa$lambda$keepRichSoil$0$0 in farmersdelight.mixins.json:KeepRichSoilGiantTreeMixin
[31Dec2025 02:08:19.506] [main/DEBUG] [net.minecraftforge.coremod.transformer.CoreModBaseTransformer/COREMOD]: Transforming net/minecraft/world/level/block/LiquidBlock
[31Dec2025 02:08:19.507] [main/DEBUG] [mixin/]: Mixing inject.MixinLiquidBlock from architectury-common.mixins.json into net.minecraft.world.level.block.LiquidBlock
[31Dec2025 02:08:19.523] [main/DEBUG] [mixin/]: Mixing CuttingBoardDispenserMixin from farmersdelight.mixins.json into net.minecraft.world.level.block.DispenserBlock
[31Dec2025 02:08:19.625] [main/DEBUG] [net.minecraftforge.coremod.transformer.CoreModBaseTransformer/COREMOD]: Transforming net/minecraft/world/level/block/StairBlock
[31Dec2025 02:08:19.642] [main/DEBUG] [mixin/]: Mixing KeepRichSoilUntrampledMixin from farmersdelight.mixins.json into net.minecraft.world.level.block.FarmBlock
[31Dec2025 02:08:19.715] [main/DEBUG] [net.minecraftforge.coremod.transformer.CoreModBaseTransformer/COREMOD]: Transforming net/minecraft/world/level/block/FlowerPotBlock
[31Dec2025 02:08:19.771] [main/DEBUG] [mixin/]: Mixing swimming.BubbleColumnBlockMixin from expandability-common.mixins.json into net.minecraft.world.level.block.BubbleColumnBlock
[31Dec2025 02:08:19.787] [main/DEBUG] [mixin/]: Mixing CampfireBaleMixin from farmersdelight.mixins.json into net.minecraft.world.level.block.CampfireBlock
[31Dec2025 02:08:19.806] [main/DEBUG] [mixin/]: Mixing MixinPowderSnowBlock from curios.mixins.json into net.minecraft.world.level.block.PowderSnowBlock
[31Dec2025 02:08:19.921] [main/DEBUG] [mixin/]: Mixing MixinFallingBlockEntity from architectury.mixins.json into net.minecraft.world.entity.item.FallingBlockEntity
[31Dec2025 02:08:19.980] [main/DEBUG] [mixin/]: Mixing MixinRandomizableContainerBlockEntity from lootr.mixins.json into net.minecraft.world.level.block.entity.RandomizableContainerBlockEntity
[31Dec2025 02:08:20.143] [main/DEBUG] [mixin/]: Mixing KeepRichSoilTreeMixin from farmersdelight.mixins.json into net.minecraft.world.level.levelgen.feature.trunkplacers.TrunkPlacer
[31Dec2025 02:08:20.143] [main/DEBUG] [mixin/]: Renaming synthetic method lambda$cancelSetDirtIfRichSoil$0(Lnet/minecraft/world/level/block/state/BlockState;)Z to md9edffa$lambda$cancelSetDirtIfRichSoil$0$0 in farmersdelight.mixins.json:KeepRichSoilTreeMixin
[31Dec2025 02:08:20.399] [main/DEBUG] [mixin/]: Mixing accessors.MobAccessor from mixins.artifacts.common.json into net.minecraft.world.entity.Mob
[31Dec2025 02:08:20.457] [main/DEBUG] [net.minecraftforge.coremod.transformer.CoreModBaseTransformer/COREMOD]: Transforming net/minecraft/world/item/ItemStack
[31Dec2025 02:08:20.540] [main/DEBUG] [mixin/]: Mixing RepairContainerMixin from goblintraders.common.mixins.json into net.minecraft.world.inventory.AnvilMenu
[31Dec2025 02:08:20.823] [main/DEBUG] [mixin/]: Mixing SmithingMenuMixin from citadel.mixins.json into net.minecraft.world.inventory.SmithingMenu
[31Dec2025 02:08:20.906] [main/DEBUG] [mixin/]: Mixing MixinLightningBolt from architectury-common.mixins.json into net.minecraft.world.entity.LightningBolt
[31Dec2025 02:08:21.028] [main/DEBUG] [net.minecraftforge.coremod.transformer.CoreModBaseTransformer/COREMOD]: Transforming net/minecraft/world/entity/animal/frog/Tadpole
[31Dec2025 02:08:21.079] [main/DEBUG] [mixin/]: Mixing SoupItemMixin from farmersdelight.mixins.json into net.minecraft.world.item.BowlFoodItem
[31Dec2025 02:08:21.101] [main/DEBUG] [net.minecraftforge.coremod.transformer.CoreModBaseTransformer/COREMOD]: Transforming net/minecraft/world/item/BucketItem
[31Dec2025 02:08:21.101] [main/DEBUG] [mixin/]: Mixing inject.MixinBucketItem from architectury-common.mixins.json into net.minecraft.world.item.BucketItem
[31Dec2025 02:08:21.112] [main/DEBUG] [mixin/]: Mixing item.wearable.anglershat.FishingRodItemMixin from mixins.artifacts.common.json into net.minecraft.world.item.FishingRodItem
[31Dec2025 02:08:21.127] [main/DEBUG] [mixin/]: Mixing MixinShearsItem from curios.mixins.json into net.minecraft.world.item.ShearsItem
[31Dec2025 02:08:21.132] [main/DEBUG] [mixin/]: Mixing SpawnEggItemMixin from goblintraders.common.mixins.json into net.minecraft.world.item.SpawnEggItem
[31Dec2025 02:08:21.132] [main/DEBUG] [mixin/]: Renaming @Accessor method goblinTradersGetEggMap()Ljava/util/Map; to goblinTradersGetEggMap_$md$9edffa$0 in goblintraders.common.mixins.json:SpawnEggItemMixin
[31Dec2025 02:08:21.163] [main/DEBUG] [mixin/]: Mixing inject.MixinItemProperties from architectury-common.mixins.json into net.minecraft.world.item.Item$Properties
[31Dec2025 02:08:21.216] [main/DEBUG] [mixin/]: Mixing ServerPlayerEntityTickMixin from yungsapi.mixins.json into net.minecraft.server.level.ServerPlayer
[31Dec2025 02:08:21.217] [main/DEBUG] [mixin/]: Mixing common.ServerPlayerMixin from uteamcore.mixins.json into net.minecraft.server.level.ServerPlayer
[31Dec2025 02:08:21.853] [main/DEBUG] [mixin/]: Mixing MixinCatSitOnBlockGoal from lootr.mixins.json into net.minecraft.world.entity.ai.goal.CatSitOnBlockGoal
[31Dec2025 02:08:21.862] [main/DEBUG] [net.minecraftforge.coremod.transformer.CoreModBaseTransformer/COREMOD]: Transforming net/minecraft/world/entity/monster/Spider
[31Dec2025 02:08:21.913] [main/DEBUG] [net.minecraftforge.coremod.transformer.CoreModBaseTransformer/COREMOD]: Transforming net/minecraft/world/entity/monster/Zombie
[31Dec2025 02:08:21.954] [main/DEBUG] [net.minecraftforge.coremod.transformer.CoreModBaseTransformer/COREMOD]: Transforming net/minecraft/world/entity/monster/ZombieVillager
[31Dec2025 02:08:22.014] [main/DEBUG] [net.minecraftforge.coremod.transformer.CoreModBaseTransformer/COREMOD]: Transforming net/minecraft/world/entity/monster/Evoker$EvokerSummonSpellGoal
[31Dec2025 02:08:22.123] [main/DEBUG] [mixin/]: Mixing RabbitsEatCabbageMixin from farmersdelight.mixins.json into net.minecraft.world.entity.animal.Rabbit
[31Dec2025 02:08:22.147] [main/DEBUG] [net.minecraftforge.coremod.transformer.CoreModBaseTransformer/COREMOD]: Transforming net/minecraft/world/entity/animal/horse/SkeletonTrapGoal
[31Dec2025 02:08:22.164] [main/DEBUG] [net.minecraftforge.coremod.transformer.CoreModBaseTransformer/COREMOD]: Transforming net/minecraft/world/entity/monster/Strider
[31Dec2025 02:08:22.238] [main/DEBUG] [mixin/]: Mixing MixinLevelChunk from lootr.mixins.json into net.minecraft.world.level.chunk.LevelChunk
[31Dec2025 02:08:22.263] [main/DEBUG] [net.minecraftforge.coremod.transformer.CoreModBaseTransformer/COREMOD]: Transforming net/minecraft/world/entity/npc/Villager
[31Dec2025 02:08:22.321] [main/DEBUG] [mixin/]: Mixing item.wearable.villagerhat.VillagerMixin from mixins.artifacts.common.json into net.minecraft.world.entity.npc.Villager
[31Dec2025 02:08:22.331] [main/DEBUG] [mixin/]: Mixing MerchantMenuMixin from goblintraders.common.mixins.json into net.minecraft.world.inventory.MerchantMenu
[31Dec2025 02:08:22.332] [main/DEBUG] [mixin/]: Renaming synthetic method lambda$goblinTraders$isMatching$0(Ljava/util/Map;Ljava/util/Map$Entry;)Z to md9edffa$lambda$goblinTraders$isMatching$0$0 in goblintraders.common.mixins.json:MerchantMenuMixin
[31Dec2025 02:08:22.375] [main/DEBUG] [mixin/]: Mixing inject.MixinFoodPropertiesBuilder from architectury-common.mixins.json into net.minecraft.world.food.FoodProperties$Builder
[31Dec2025 02:08:22.377] [main/DEBUG] [net.minecraftforge.coremod.transformer.CoreModBaseTransformer/COREMOD]: Transforming net/minecraft/world/effect/MobEffectInstance
[31Dec2025 02:08:22.409] [main/DEBUG] [mixin/]: Mixing item.umbrella.server.ServerGamePacketListenerImplMixin from mixins.artifacts.common.json into net.minecraft.server.network.ServerGamePacketListenerImpl
[31Dec2025 02:08:22.410] [main/DEBUG] [mixin/]: Mixing swimming.server.ServerGamePacketListenerImplMixin from expandability-common.mixins.json into net.minecraft.server.network.ServerGamePacketListenerImpl
[31Dec2025 02:08:22.430] [main/DEBUG] [mixin/]: Mixing accessor.PotionBrewingAccessor from yungsapi.mixins.json into net.minecraft.world.item.alchemy.PotionBrewing
[31Dec2025 02:08:22.430] [main/DEBUG] [mixin/]: Renaming @Invoker method callAddMix(Lnet/minecraft/world/item/alchemy/Potion;Lnet/minecraft/world/item/Item;Lnet/minecraft/world/item/alchemy/Potion;)V to callAddMix_$md$9edffa$0 in yungsapi.mixins.json:accessor.PotionBrewingAccessor
[31Dec2025 02:08:22.502] [main/DEBUG] [mixin/]: Mixing accessor.StructureProcessorAccessor from betterwitchhuts.mixins.json into net.minecraft.world.level.levelgen.structure.templatesystem.StructureProcessor
[31Dec2025 02:08:22.502] [main/DEBUG] [mixin/]: Mixing structures.StructureProcessorAccessor from mvs-common.mixins.json into net.minecraft.world.level.levelgen.structure.templatesystem.StructureProcessor
[31Dec2025 02:08:22.502] [main/DEBUG] [mixin/]: Mixing accessor.StructureProcessorAccessor from betterjungletemples.mixins.json into net.minecraft.world.level.levelgen.structure.templatesystem.StructureProcessor
[31Dec2025 02:08:22.503] [main/DEBUG] [mixin/]: Unexpected: Registered method callGetType()Lnet/minecraft/world/level/levelgen/structure/templatesystem/StructureProcessorType; in net.minecraft.world.level.levelgen.structure.templatesystem.StructureProcessor was not merged
[31Dec2025 02:08:22.503] [main/DEBUG] [mixin/]: Unexpected: Registered method callGetType()Lnet/minecraft/world/level/levelgen/structure/templatesystem/StructureProcessorType; in net.minecraft.world.level.levelgen.structure.templatesystem.StructureProcessor was not merged
[31Dec2025 02:08:22.530] [main/DEBUG] [mixin/]: Mixing structures.StructureTemplateManagerAccessor from mvs-common.mixins.json into net.minecraft.world.level.levelgen.structure.templatesystem.StructureTemplateManager
[31Dec2025 02:08:22.535] [main/DEBUG] [mixin/]: Mixing DisableVanillaWitchHutsMixin from betterwitchhuts.mixins.json into net.minecraft.world.level.chunk.ChunkGenerator
[31Dec2025 02:08:22.536] [main/DEBUG] [net.minecraftforge.coremod.transformer.CoreModBaseTransformer/COREMOD]: Transforming net/minecraft/world/level/levelgen/structure/Structure
[31Dec2025 02:08:22.541] [main/DEBUG] [mixin/]: Mixing ChunkGeneratorMixin from citadel.mixins.json into net.minecraft.world.level.chunk.ChunkGenerator
[31Dec2025 02:08:22.542] [main/DEBUG] [net.minecraftforge.coremod.transformer.CoreModBaseTransformer/COREMOD]: Transforming net/minecraft/world/level/biome/Biome
[31Dec2025 02:08:22.552] [main/DEBUG] [mixin/]: Mixing DisableVanillaStrongholdsMixin from betterstrongholds.mixins.json into net.minecraft.world.level.chunk.ChunkGenerator
[31Dec2025 02:08:22.553] [main/DEBUG] [mixin/]: Mixing DisableVanillaFortressesMixin from betterfortresses.mixins.json into net.minecraft.world.level.chunk.ChunkGenerator
[31Dec2025 02:08:22.554] [main/DEBUG] [mixin/]: Mixing DisableVanillaMineshaftsMixin from bettermineshafts.mixins.json into net.minecraft.world.level.chunk.ChunkGenerator
[31Dec2025 02:08:22.555] [main/DEBUG] [mixin/]: Mixing DisableVanillaJungleTempleMixin from betterjungletemples.mixins.json into net.minecraft.world.level.chunk.ChunkGenerator
[31Dec2025 02:08:22.594] [main/DEBUG] [mixin/]: Mixing MixinInventory from curios.mixins.json into net.minecraft.world.entity.player.Inventory
[31Dec2025 02:08:22.612] [main/DEBUG] [mixin/]: Mixing MerchantResultSlotMixin from goblintraders.common.mixins.json into net.minecraft.world.inventory.MerchantResultSlot
[31Dec2025 02:08:22.722] [main/DEBUG] [mixin/]: Mixing MixinApplyBonusCount from curios.mixins.json into net.minecraft.world.level.storage.loot.functions.ApplyBonusCount
[31Dec2025 02:08:22.836] [main/DEBUG] [mixin/]: Mixing NoVinesInTemplesMixin from betterjungletemples.mixins.json into net.minecraft.world.level.levelgen.feature.VinesFeature
[31Dec2025 02:08:22.857] [main/DEBUG] [mixin/]: Mixing NoBasaltColumnsInStructuresMixin from betterfortresses.mixins.json into net.minecraft.world.level.levelgen.feature.BasaltColumnsFeature
[31Dec2025 02:08:22.862] [main/DEBUG] [mixin/]: Mixing NoDeltasInStructuresMixin from betterfortresses.mixins.json into net.minecraft.world.level.levelgen.feature.DeltaFeature
[31Dec2025 02:08:22.984] [main/DEBUG] [net.minecraftforge.coremod.transformer.CoreModBaseTransformer/COREMOD]: Transforming net/minecraft/world/level/levelgen/structure/Structure
[31Dec2025 02:08:22.993] [main/DEBUG] [mixin/]: Mixing structures.StructurePieceAccessor from mvs-common.mixins.json into net.minecraft.world.level.levelgen.structure.StructurePiece
[31Dec2025 02:08:23.028] [main/DEBUG] [net.minecraftforge.coremod.transformer.CoreModBaseTransformer/COREMOD]: Transforming net/minecraft/world/level/levelgen/structure/structures/OceanRuinPieces$OceanRuinPiece
[31Dec2025 02:08:23.041] [main/DEBUG] [net.minecraftforge.coremod.transformer.CoreModBaseTransformer/COREMOD]: Transforming net/minecraft/world/level/levelgen/structure/structures/SwampHutPiece
[31Dec2025 02:08:23.052] [main/DEBUG] [net.minecraftforge.coremod.transformer.CoreModBaseTransformer/COREMOD]: Transforming net/minecraft/world/level/levelgen/structure/structures/OceanMonumentPieces$OceanMonumentPiece
[31Dec2025 02:08:23.069] [main/DEBUG] [mixin/]: Mixing MixinEndCityPieces$EndCityPiece from lootr.mixins.json into net.minecraft.world.level.levelgen.structure.structures.EndCityPieces$EndCityPiece
[31Dec2025 02:08:23.075] [main/DEBUG] [net.minecraftforge.coremod.transformer.CoreModBaseTransformer/COREMOD]: Transforming net/minecraft/world/level/levelgen/structure/structures/WoodlandMansionPieces$WoodlandMansionPiece
[31Dec2025 02:08:23.086] [main/DEBUG] [mixin/]: Mixing structures.PoolElementStructurePieceAccessor from mvs-common.mixins.json into net.minecraft.world.level.levelgen.structure.PoolElementStructurePiece
[31Dec2025 02:08:23.103] [main/DEBUG] [mixin/]: Mixing accessor.StructureTemplatePoolAccessor from yungsapi.mixins.json into net.minecraft.world.level.levelgen.structure.pools.StructureTemplatePool
[31Dec2025 02:08:23.104] [main/DEBUG] [mixin/]: Mixing IncreaseStructureWeightLimitMixinForge from yungsapi_forge.mixins.json into net.minecraft.world.level.levelgen.structure.pools.StructureTemplatePool
[31Dec2025 02:08:23.104] [main/DEBUG] [mixin/]: Mixing structures.StructurePoolAccessor from mvs-common.mixins.json into net.minecraft.world.level.levelgen.structure.pools.StructureTemplatePool
[31Dec2025 02:08:23.104] [main/DEBUG] [mixin/]: Renaming @Accessor method getCODEC_REFERENCE()Lorg/apache/commons/lang3/mutable/MutableObject; to getCODEC_REFERENCE_$md$9edffa$0 in mvs-common.mixins.json:structures.StructurePoolAccessor
[31Dec2025 02:08:23.188] [main/DEBUG] [net.minecraftforge.coremod.transformer.CoreModBaseTransformer/COREMOD]: Transforming net/minecraft/world/level/biome/Biome
[31Dec2025 02:08:23.244] [main/DEBUG] [mixin/]: Mixing NoiseGeneratorSettingsMixin from citadel.mixins.json into net.minecraft.world.level.levelgen.NoiseGeneratorSettings
[31Dec2025 02:08:23.306] [main/DEBUG] [mixin/]: Mixing accessor.SinglePoolElementAccessor from yungsapi.mixins.json into net.minecraft.world.level.levelgen.structure.pools.SinglePoolElement
[31Dec2025 02:08:23.307] [main/DEBUG] [mixin/]: Mixing structures.SinglePoolElementAccessor from mvs-common.mixins.json into net.minecraft.world.level.levelgen.structure.pools.SinglePoolElement
[31Dec2025 02:08:23.308] [main/DEBUG] [mixin/]: Unexpected: Registered method callGetTemplate(Lnet/minecraft/world/level/levelgen/structure/templatesystem/StructureTemplateManager;)Lnet/minecraft/world/level/levelgen/structure/templatesystem/StructureTemplate; in net.minecraft.world.level.levelgen.structure.pools.SinglePoolElement was not merged
[31Dec2025 02:08:23.312] [main/DEBUG] [mixin/]: Mixing accessor.ListPoolElementAccessor from yungsapi.mixins.json into net.minecraft.world.level.levelgen.structure.pools.ListPoolElement
[31Dec2025 02:08:23.312] [main/DEBUG] [mixin/]: Mixing structures.ListPoolElementAccessor from mvs-common.mixins.json into net.minecraft.world.level.levelgen.structure.pools.ListPoolElement
[31Dec2025 02:08:23.315] [main/DEBUG] [mixin/]: Mixing accessor.FeaturePoolElementAccessor from yungsapi.mixins.json into net.minecraft.world.level.levelgen.structure.pools.FeaturePoolElement
[31Dec2025 02:08:23.424] [main/DEBUG] [net.minecraftforge.common.ForgeI18n/CORE]: Loading I18N data entries: 6430
[31Dec2025 02:08:23.439] [main/DEBUG] [net.minecraftforge.fml.ModWorkManager/LOADING]: Using 4 threads for parallel mod-loading
[31Dec2025 02:08:23.445] [main/DEBUG] [net.minecraftforge.fml.javafmlmod.FMLJavaModLanguageProvider/LOADING]: Loading FMLModContainer from classloader cpw.mods.modlauncher.TransformingClassLoader@4a8a0099 - got cpw.mods.cl.ModuleClassLoader@2d0bfb24
[31Dec2025 02:08:23.445] [main/DEBUG] [net.minecraftforge.fml.javafmlmod.FMLModContainer/LOADING]: Creating FMLModContainer instance for vectorwing.farmersdelight.FarmersDelight
[31Dec2025 02:08:23.449] [main/DEBUG] [net.minecraftforge.fml.javafmlmod.FMLJavaModLanguageProvider/LOADING]: Loading FMLModContainer from classloader cpw.mods.modlauncher.TransformingClassLoader@4a8a0099 - got cpw.mods.cl.ModuleClassLoader@2d0bfb24
[31Dec2025 02:08:23.449] [main/DEBUG] [net.minecraftforge.fml.javafmlmod.FMLModContainer/LOADING]: Creating FMLModContainer instance for info.u_team.useful_backpacks.UsefulBackpacksMod
[31Dec2025 02:08:23.449] [main/DEBUG] [net.minecraftforge.fml.javafmlmod.FMLJavaModLanguageProvider/LOADING]: Loading FMLModContainer from classloader cpw.mods.modlauncher.TransformingClassLoader@4a8a0099 - got cpw.mods.cl.ModuleClassLoader@2d0bfb24
[31Dec2025 02:08:23.449] [main/DEBUG] [net.minecraftforge.fml.javafmlmod.FMLModContainer/LOADING]: Creating FMLModContainer instance for net.lunapixel.skyvillages.SkyVillagesMain
[31Dec2025 02:08:23.450] [main/DEBUG] [net.minecraftforge.fml.javafmlmod.FMLJavaModLanguageProvider/LOADING]: Loading FMLModContainer from classloader cpw.mods.modlauncher.TransformingClassLoader@4a8a0099 - got cpw.mods.cl.ModuleClassLoader@2d0bfb24
[31Dec2025 02:08:23.450] [main/DEBUG] [net.minecraftforge.fml.javafmlmod.FMLModContainer/LOADING]: Creating FMLModContainer instance for com.yungnickyoung.minecraft.betterwitchhuts.BetterWitchHutsForge
[31Dec2025 02:08:23.450] [main/DEBUG] [net.minecraftforge.fml.javafmlmod.FMLJavaModLanguageProvider/LOADING]: Loading FMLModContainer from classloader cpw.mods.modlauncher.TransformingClassLoader@4a8a0099 - got cpw.mods.cl.ModuleClassLoader@2d0bfb24
[31Dec2025 02:08:23.450] [main/DEBUG] [net.minecraftforge.fml.javafmlmod.FMLModContainer/LOADING]: Creating FMLModContainer instance for mezz.jei.forge.JustEnoughItems
[31Dec2025 02:08:23.451] [main/DEBUG] [net.minecraftforge.fml.javafmlmod.FMLJavaModLanguageProvider/LOADING]: Loading FMLModContainer from classloader cpw.mods.modlauncher.TransformingClassLoader@4a8a0099 - got cpw.mods.cl.ModuleClassLoader@2d0bfb24
[31Dec2025 02:08:23.451] [main/DEBUG] [net.minecraftforge.fml.javafmlmod.FMLModContainer/LOADING]: Creating FMLModContainer instance for com.mrcrayfish.goblintraders.GoblinTraders
[31Dec2025 02:08:23.452] [main/DEBUG] [net.minecraftforge.fml.javafmlmod.FMLJavaModLanguageProvider/LOADING]: Loading FMLModContainer from classloader cpw.mods.modlauncher.TransformingClassLoader@4a8a0099 - got cpw.mods.cl.ModuleClassLoader@2d0bfb24
[31Dec2025 02:08:23.452] [main/DEBUG] [net.minecraftforge.fml.javafmlmod.FMLModContainer/LOADING]: Creating FMLModContainer instance for top.theillusivec4.curios.Curios
[31Dec2025 02:08:23.452] [main/DEBUG] [net.minecraftforge.fml.javafmlmod.FMLJavaModLanguageProvider/LOADING]: Loading FMLModContainer from classloader cpw.mods.modlauncher.TransformingClassLoader@4a8a0099 - got cpw.mods.cl.ModuleClassLoader@2d0bfb24
[31Dec2025 02:08:23.452] [main/DEBUG] [net.minecraftforge.fml.javafmlmod.FMLModContainer/LOADING]: Creating FMLModContainer instance for journeymap.common.Journeymap
[31Dec2025 02:08:23.453] [main/DEBUG] [net.minecraftforge.fml.javafmlmod.FMLJavaModLanguageProvider/LOADING]: Loading FMLModContainer from classloader cpw.mods.modlauncher.TransformingClassLoader@4a8a0099 - got cpw.mods.cl.ModuleClassLoader@2d0bfb24
[31Dec2025 02:08:23.453] [main/DEBUG] [net.minecraftforge.fml.javafmlmod.FMLModContainer/LOADING]: Creating FMLModContainer instance for com.github.alexthe666.citadel.Citadel
[31Dec2025 02:08:23.454] [main/DEBUG] [net.minecraftforge.fml.javafmlmod.FMLJavaModLanguageProvider/LOADING]: Loading FMLModContainer from classloader cpw.mods.modlauncher.TransformingClassLoader@4a8a0099 - got cpw.mods.cl.ModuleClassLoader@2d0bfb24
[31Dec2025 02:08:23.454] [main/DEBUG] [net.minecraftforge.fml.javafmlmod.FMLModContainer/LOADING]: Creating FMLModContainer instance for com.github.alexthe666.alexsmobs.AlexsMobs
[31Dec2025 02:08:23.455] [main/DEBUG] [net.minecraftforge.fml.javafmlmod.FMLJavaModLanguageProvider/LOADING]: Loading FMLModContainer from classloader cpw.mods.modlauncher.TransformingClassLoader@4a8a0099 - got cpw.mods.cl.ModuleClassLoader@2d0bfb24
[31Dec2025 02:08:23.455] [main/DEBUG] [net.minecraftforge.fml.javafmlmod.FMLModContainer/LOADING]: Creating FMLModContainer instance for artifacts.forge.ArtifactsForge
[31Dec2025 02:08:23.456] [main/DEBUG] [net.minecraftforge.fml.javafmlmod.FMLJavaModLanguageProvider/LOADING]: Loading FMLModContainer from classloader cpw.mods.modlauncher.TransformingClassLoader@4a8a0099 - got cpw.mods.cl.ModuleClassLoader@2d0bfb24
[31Dec2025 02:08:23.456] [main/DEBUG] [net.minecraftforge.fml.javafmlmod.FMLModContainer/LOADING]: Creating FMLModContainer instance for com.yungnickyoung.minecraft.yungsapi.YungsApiForge
[31Dec2025 02:08:23.456] [main/DEBUG] [net.minecraftforge.fml.javafmlmod.FMLJavaModLanguageProvider/LOADING]: Loading FMLModContainer from classloader cpw.mods.modlauncher.TransformingClassLoader@4a8a0099 - got cpw.mods.cl.ModuleClassLoader@2d0bfb24
[31Dec2025 02:08:23.457] [main/DEBUG] [net.minecraftforge.fml.javafmlmod.FMLModContainer/LOADING]: Creating FMLModContainer instance for com.llamalad7.mixinextras.platform.forge.MixinExtrasMod
[31Dec2025 02:08:23.457] [main/DEBUG] [net.minecraftforge.fml.javafmlmod.FMLJavaModLanguageProvider/LOADING]: Loading FMLModContainer from classloader cpw.mods.modlauncher.TransformingClassLoader@4a8a0099 - got cpw.mods.cl.ModuleClassLoader@2d0bfb24
[31Dec2025 02:08:23.457] [main/DEBUG] [net.minecraftforge.fml.javafmlmod.FMLModContainer/LOADING]: Creating FMLModContainer instance for com.yungnickyoung.minecraft.betterstrongholds.BetterStrongholdsForge
[31Dec2025 02:08:23.458] [main/DEBUG] [net.minecraftforge.fml.javafmlmod.FMLJavaModLanguageProvider/LOADING]: Loading FMLModContainer from classloader cpw.mods.modlauncher.TransformingClassLoader@4a8a0099 - got cpw.mods.cl.ModuleClassLoader@2d0bfb24
[31Dec2025 02:08:23.458] [main/DEBUG] [net.minecraftforge.fml.javafmlmod.FMLModContainer/LOADING]: Creating FMLModContainer instance for info.u_team.u_team_core.UCoreMod
[31Dec2025 02:08:23.458] [main/DEBUG] [net.minecraftforge.fml.javafmlmod.FMLJavaModLanguageProvider/LOADING]: Loading FMLModContainer from classloader cpw.mods.modlauncher.TransformingClassLoader@4a8a0099 - got cpw.mods.cl.ModuleClassLoader@2d0bfb24
[31Dec2025 02:08:23.459] [main/DEBUG] [net.minecraftforge.fml.javafmlmod.FMLModContainer/LOADING]: Creating FMLModContainer instance for com.finndog.mvs.forge.MVSForge
[31Dec2025 02:08:23.459] [main/DEBUG] [net.minecraftforge.fml.javafmlmod.FMLJavaModLanguageProvider/LOADING]: Loading FMLModContainer from classloader cpw.mods.modlauncher.TransformingClassLoader@4a8a0099 - got cpw.mods.cl.ModuleClassLoader@2d0bfb24
[31Dec2025 02:08:23.459] [main/DEBUG] [net.minecraftforge.fml.javafmlmod.FMLModContainer/LOADING]: Creating FMLModContainer instance for dev.architectury.forge.ArchitecturyForge
[31Dec2025 02:08:23.459] [main/DEBUG] [net.minecraftforge.fml.javafmlmod.FMLJavaModLanguageProvider/LOADING]: Loading FMLModContainer from classloader cpw.mods.modlauncher.TransformingClassLoader@4a8a0099 - got cpw.mods.cl.ModuleClassLoader@2d0bfb24
[31Dec2025 02:08:23.460] [main/DEBUG] [net.minecraftforge.fml.javafmlmod.FMLModContainer/LOADING]: Creating FMLModContainer instance for noobanidus.mods.lootr.Lootr
[31Dec2025 02:08:23.461] [main/DEBUG] [net.minecraftforge.fml.lowcodemod.LowCodeModLanguageProvider.LowCodeModTarget/LOADING]: Loading LowCodeModContainer from classloader cpw.mods.modlauncher.TransformingClassLoader@4a8a0099 - got cpw.mods.cl.ModuleClassLoader@2d0bfb24
[31Dec2025 02:08:23.461] [main/DEBUG] [net.minecraftforge.fml.lowcodemod.LowCodeModContainer/LOADING]: Creating LowCodeModContainer for terralith
[31Dec2025 02:08:23.461] [main/DEBUG] [net.minecraftforge.fml.javafmlmod.FMLJavaModLanguageProvider/LOADING]: Loading FMLModContainer from classloader cpw.mods.modlauncher.TransformingClassLoader@4a8a0099 - got cpw.mods.cl.ModuleClassLoader@2d0bfb24
[31Dec2025 02:08:23.461] [main/DEBUG] [net.minecraftforge.fml.javafmlmod.FMLModContainer/LOADING]: Creating FMLModContainer instance for com.mrcrayfish.framework.FrameworkForge
[31Dec2025 02:08:23.462] [main/DEBUG] [net.minecraftforge.fml.javafmlmod.FMLJavaModLanguageProvider/LOADING]: Loading FMLModContainer from classloader cpw.mods.modlauncher.TransformingClassLoader@4a8a0099 - got cpw.mods.cl.ModuleClassLoader@2d0bfb24
[31Dec2025 02:08:23.462] [main/DEBUG] [net.minecraftforge.fml.javafmlmod.FMLModContainer/LOADING]: Creating FMLModContainer instance for com.choicetheorem.imst.imst
[31Dec2025 02:08:23.462] [main/DEBUG] [net.minecraftforge.fml.javafmlmod.FMLJavaModLanguageProvider/LOADING]: Loading FMLModContainer from classloader cpw.mods.modlauncher.TransformingClassLoader@4a8a0099 - got cpw.mods.cl.ModuleClassLoader@2d0bfb24
[31Dec2025 02:08:23.462] [main/DEBUG] [net.minecraftforge.fml.javafmlmod.FMLModContainer/LOADING]: Creating FMLModContainer instance for com.yungnickyoung.minecraft.betterfortresses.BetterFortressesForge
[31Dec2025 02:08:23.462] [main/DEBUG] [net.minecraftforge.fml.javafmlmod.FMLJavaModLanguageProvider/LOADING]: Loading FMLModContainer from classloader cpw.mods.modlauncher.TransformingClassLoader@4a8a0099 - got cpw.mods.cl.ModuleClassLoader@2d0bfb24
[31Dec2025 02:08:23.462] [main/DEBUG] [net.minecraftforge.fml.javafmlmod.FMLModContainer/LOADING]: Creating FMLModContainer instance for me.shedaniel.clothconfig.ClothConfigForge
[31Dec2025 02:08:23.463] [main/DEBUG] [net.minecraftforge.fml.javafmlmod.FMLJavaModLanguageProvider/LOADING]: Loading FMLModContainer from classloader cpw.mods.modlauncher.TransformingClassLoader@4a8a0099 - got cpw.mods.cl.ModuleClassLoader@2d0bfb24
[31Dec2025 02:08:23.463] [main/DEBUG] [net.minecraftforge.fml.javafmlmod.FMLModContainer/LOADING]: Creating FMLModContainer instance for net.minecraftforge.common.ForgeMod
[31Dec2025 02:08:23.465] [main/DEBUG] [net.minecraftforge.fml.javafmlmod.FMLJavaModLanguageProvider/LOADING]: Loading FMLModContainer from classloader cpw.mods.modlauncher.TransformingClassLoader@4a8a0099 - got cpw.mods.cl.ModuleClassLoader@2d0bfb24
[31Dec2025 02:08:23.465] [main/DEBUG] [net.minecraftforge.fml.javafmlmod.FMLModContainer/LOADING]: Creating FMLModContainer instance for be.florens.expandability.forge.ExpandAbilityForge
[31Dec2025 02:08:23.465] [main/DEBUG] [net.minecraftforge.fml.javafmlmod.FMLJavaModLanguageProvider/LOADING]: Loading FMLModContainer from classloader cpw.mods.modlauncher.TransformingClassLoader@4a8a0099 - got cpw.mods.cl.ModuleClassLoader@2d0bfb24
[31Dec2025 02:08:23.465] [main/DEBUG] [net.minecraftforge.fml.javafmlmod.FMLModContainer/LOADING]: Creating FMLModContainer instance for com.yungnickyoung.minecraft.bettermineshafts.BetterMineshaftsForge
[31Dec2025 02:08:23.466] [main/DEBUG] [net.minecraftforge.fml.javafmlmod.FMLJavaModLanguageProvider/LOADING]: Loading FMLModContainer from classloader cpw.mods.modlauncher.TransformingClassLoader@4a8a0099 - got cpw.mods.cl.ModuleClassLoader@2d0bfb24
[31Dec2025 02:08:23.466] [main/DEBUG] [net.minecraftforge.fml.javafmlmod.FMLModContainer/LOADING]: Creating FMLModContainer instance for com.yungnickyoung.minecraft.betterjungletemples.BetterJungleTemplesForge
[31Dec2025 02:08:23.485] [modloading-worker-0/DEBUG] [net.minecraftforge.fml.javafmlmod.AutomaticEventSubscriber/LOADING]: Attempting to inject @EventBusSubscriber classes into the eventbus for skyvillages
[31Dec2025 02:08:23.586] [modloading-worker-0/DEBUG] [betterwitchhuts/]: Loaded com.yungnickyoung.minecraft.betterwitchhuts.services.ForgePlatformHelper@74ff02fd for service interface com.yungnickyoung.minecraft.betterwitchhuts.services.IPlatformHelper
[31Dec2025 02:08:23.599] [modloading-worker-0/DEBUG] [betterwitchhuts/]: Loaded com.yungnickyoung.minecraft.betterwitchhuts.services.ForgeModulesLoader@11c40edf for service interface com.yungnickyoung.minecraft.betterwitchhuts.services.IModulesLoader
[31Dec2025 02:08:23.612] [modloading-worker-0/DEBUG] [net.minecraftforge.fml.config.ConfigTracker/CONFIG]: Config file betterwitchhuts-forge-1_20.toml for betterwitchhuts tracking
[31Dec2025 02:08:23.620] [modloading-worker-0/DEBUG] [mixin/]: Mixing MixinLevelEvent from architectury.mixins.json into net.minecraftforge.event.level.LevelEvent
[31Dec2025 02:08:23.631] [modloading-worker-0/DEBUG] [net.minecraftforge.fml.config.ConfigTracker/CONFIG]: Config file farmersdelight-common.toml for farmersdelight tracking
[31Dec2025 02:08:23.632] [modloading-worker-0/DEBUG] [net.minecraftforge.fml.config.ConfigTracker/CONFIG]: Config file farmersdelight-client.toml for farmersdelight tracking
[31Dec2025 02:08:23.632] [modloading-worker-0/DEBUG] [net.minecraftforge.fml.config.ConfigTracker/CONFIG]: Config file jei-server.toml for jei tracking
[31Dec2025 02:08:23.632] [modloading-worker-0/DEBUG] [info.u_team.u_team_core.util.verify.JarSignVerifier/]: Took 147.9 ms to check if mod usefulbackpacks is signed.
[31Dec2025 02:08:23.636] [modloading-worker-0/INFO] [info.u_team.u_team_core.util.verify.JarSignVerifier/]: Mod usefulbackpacks is signed with a valid certificate.
[31Dec2025 02:08:23.641] [modloading-worker-0/DEBUG] [info.u_team.u_team_core.UCoreReference/]: Loaded service info.u_team.u_team_core.impl.ForgeAnnotationScanner@672ce166 for class interface info.u_team.u_team_core.util.annotation.AnnotationUtil$AnnotationScanner
[31Dec2025 02:08:23.644] [modloading-worker-0/DEBUG] [net.minecraftforge.fml.javafmlmod.AutomaticEventSubscriber/LOADING]: Attempting to inject @EventBusSubscriber classes into the eventbus for betterwitchhuts
[31Dec2025 02:08:23.645] [modloading-worker-0/DEBUG] [net.minecraftforge.coremod.transformer.CoreModBaseTransformer/COREMOD]: Transforming net/minecraft/data/DataProvider
[31Dec2025 02:08:23.655] [modloading-worker-0/DEBUG] [info.u_team.u_team_core.UCoreReference/]: Loaded service info.u_team.u_team_core.impl.ForgePlatform@44689c43 for class interface info.u_team.u_team_core.api.Platform
[31Dec2025 02:08:23.662] [modloading-worker-0/DEBUG] [info.u_team.u_team_core.util.annotation.AnnotationManager/Construct]: Load construct (info.u_team.useful_backpacks.init.UsefulBackpacksForgeCommonConstruct) for mod usefulbackpacks
[31Dec2025 02:08:23.657] [modloading-worker-0/DEBUG] [net.minecraftforge.fml.javafmlmod.AutomaticEventSubscriber/LOADING]: Attempting to inject @EventBusSubscriber classes into the eventbus for jei
[31Dec2025 02:08:23.670] [modloading-worker-0/DEBUG] [net.minecraftforge.fml.config.ConfigTracker/CONFIG]: Config file usefulbackpacks-common.toml for usefulbackpacks tracking
[31Dec2025 02:08:23.683] [modloading-worker-0/DEBUG] [info.u_team.u_team_core.util.annotation.AnnotationManager/Construct]: Load construct (info.u_team.useful_backpacks.init.UsefulBackpacksCommonConstruct) for mod usefulbackpacks
[31Dec2025 02:08:23.689] [modloading-worker-0/DEBUG] [net.minecraftforge.fml.javafmlmod.AutomaticEventSubscriber/LOADING]: Attempting to inject @EventBusSubscriber classes into the eventbus for goblintraders
[31Dec2025 02:08:23.694] [modloading-worker-0/DEBUG] [info.u_team.u_team_core.UCoreReference/]: Loaded service info.u_team.u_team_core.impl.ForgeBlockRegister$Factory@5457f87e for class interface info.u_team.u_team_core.api.registry.BlockRegister$Factory
[31Dec2025 02:08:23.700] [modloading-worker-0/DEBUG] [net.minecraftforge.fml.config.ConfigTracker/CONFIG]: Config file curios-client.toml for curios tracking
[31Dec2025 02:08:23.708] [modloading-worker-0/DEBUG] [net.minecraftforge.fml.config.ConfigTracker/CONFIG]: Config file curios-common.toml for curios tracking
[31Dec2025 02:08:23.711] [modloading-worker-0/DEBUG] [net.minecraftforge.fml.config.ConfigTracker/CONFIG]: Config file journeymap-server.toml for journeymap tracking
[31Dec2025 02:08:23.711] [modloading-worker-0/DEBUG] [net.minecraftforge.fml.config.ConfigTracker/CONFIG]: Config file curios-server.toml for curios tracking
[31Dec2025 02:08:23.712] [modloading-worker-0/DEBUG] [net.minecraftforge.fml.javafmlmod.AutomaticEventSubscriber/LOADING]: Attempting to inject @EventBusSubscriber classes into the eventbus for curios
[31Dec2025 02:08:23.716] [modloading-worker-0/DEBUG] [net.minecraftforge.fml.javafmlmod.AutomaticEventSubscriber/LOADING]: Attempting to inject @EventBusSubscriber classes into the eventbus for journeymap
[31Dec2025 02:08:23.722] [modloading-worker-0/DEBUG] [net.minecraftforge.fml.javafmlmod.AutomaticEventSubscriber/LOADING]: Auto-subscribing journeymap.common.config.forge.ForgeConfig to MOD
[31Dec2025 02:08:23.725] [modloading-worker-0/DEBUG] [net.minecraftforge.fml.javafmlmod.AutomaticEventSubscriber/LOADING]: Auto-subscribing journeymap.common.Journeymap to FORGE
[31Dec2025 02:08:23.729] [modloading-worker-0/DEBUG] [info.u_team.u_team_core.UCoreReference/]: Loaded service info.u_team.u_team_core.impl.ForgeCommonRegister$Factory@1640031b for class interface info.u_team.u_team_core.api.registry.CommonRegister$Factory
[31Dec2025 02:08:23.756] [modloading-worker-0/DEBUG] [info.u_team.u_team_core.util.annotation.AnnotationManager/Integration]: Load curios integration (info.u_team.useful_backpacks.integration.curios.init.CuriosIntegrationCommonConstruct) for mod usefulbackpacks
[31Dec2025 02:08:23.762] [modloading-worker-0/DEBUG] [info.u_team.u_team_core.UCoreReference/]: Loaded service info.u_team.u_team_core.impl.ForgeNetworkHandler$Factory@33d8fb33 for class interface info.u_team.u_team_core.api.network.NetworkHandler$Factory
[31Dec2025 02:08:23.788] [modloading-worker-0/DEBUG] [net.minecraftforge.fml.config.ConfigTracker/CONFIG]: Config file citadel-common.toml for citadel tracking
[31Dec2025 02:08:23.799] [modloading-worker-0/DEBUG] [net.minecraftforge.fml.javafmlmod.AutomaticEventSubscriber/LOADING]: Attempting to inject @EventBusSubscriber classes into the eventbus for usefulbackpacks
[31Dec2025 02:08:23.800] [modloading-worker-0/DEBUG] [net.minecraftforge.fml.javafmlmod.AutomaticEventSubscriber/LOADING]: Auto-subscribing info.u_team.useful_backpacks.data.UsefulBackpacksDataGenerator to MOD
[31Dec2025 02:08:23.802] [modloading-worker-0/DEBUG] [net.minecraftforge.fml.javafmlmod.AutomaticEventSubscriber/LOADING]: Attempting to inject @EventBusSubscriber classes into the eventbus for citadel
[31Dec2025 02:08:23.802] [modloading-worker-0/DEBUG] [net.minecraftforge.fml.javafmlmod.AutomaticEventSubscriber/LOADING]: Auto-subscribing com.github.alexthe666.citadel.ServerProxy to MOD
[31Dec2025 02:08:23.894] [modloading-worker-0/DEBUG] [betterfortresses/]: Loaded com.yungnickyoung.minecraft.betterfortresses.services.ForgePlatformHelper@2b3060ed for service interface com.yungnickyoung.minecraft.betterfortresses.services.IPlatformHelper
[31Dec2025 02:08:23.898] [modloading-worker-0/DEBUG] [betterfortresses/]: Loaded com.yungnickyoung.minecraft.betterfortresses.services.ForgeModulesLoader@3b921fd8 for service interface com.yungnickyoung.minecraft.betterfortresses.services.IModulesLoader
[31Dec2025 02:08:23.899] [modloading-worker-0/DEBUG] [betterfortresses/]: Loaded com.yungnickyoung.minecraft.betterfortresses.services.ForgeProcessorProvider@3cd9160a for service interface com.yungnickyoung.minecraft.betterfortresses.services.IProcessorProvider
[31Dec2025 02:08:23.929] [modloading-worker-0/DEBUG] [net.minecraftforge.fml.javafmlmod.AutomaticEventSubscriber/LOADING]: Attempting to inject @EventBusSubscriber classes into the eventbus for farmersdelight
[31Dec2025 02:08:23.931] [modloading-worker-0/DEBUG] [net.minecraftforge.fml.javafmlmod.AutomaticEventSubscriber/LOADING]: Auto-subscribing vectorwing.farmersdelight.data.DataGenerators to MOD
[31Dec2025 02:08:23.932] [modloading-worker-0/DEBUG] [net.minecraftforge.fml.javafmlmod.AutomaticEventSubscriber/LOADING]: Auto-subscribing vectorwing.farmersdelight.common.item.SkilletItem$SkilletEvents to FORGE
[31Dec2025 02:08:23.947] [modloading-worker-0/DEBUG] [net.minecraftforge.fml.javafmlmod.AutomaticEventSubscriber/LOADING]: Auto-subscribing vectorwing.farmersdelight.common.item.KnifeItem$KnifeEvents to FORGE
[31Dec2025 02:08:23.949] [modloading-worker-0/DEBUG] [net.minecraftforge.fml.javafmlmod.AutomaticEventSubscriber/LOADING]: Auto-subscribing vectorwing.farmersdelight.common.item.HorseFeedItem$HorseFeedEvent to FORGE
[31Dec2025 02:08:23.954] [modloading-worker-0/DEBUG] [net.minecraftforge.fml.javafmlmod.AutomaticEventSubscriber/LOADING]: Auto-subscribing vectorwing.farmersdelight.common.item.enchantment.BackstabbingEnchantment$BackstabbingEvent to FORGE
[31Dec2025 02:08:23.955] [modloading-worker-0/DEBUG] [net.minecraftforge.fml.javafmlmod.AutomaticEventSubscriber/LOADING]: Auto-subscribing vectorwing.farmersdelight.common.item.DogFoodItem$DogFoodEvent to FORGE
[31Dec2025 02:08:23.956] [modloading-worker-0/DEBUG] [net.minecraftforge.fml.javafmlmod.AutomaticEventSubscriber/LOADING]: Auto-subscribing vectorwing.farmersdelight.common.event.VillagerEvents to FORGE
[31Dec2025 02:08:23.973] [modloading-worker-0/DEBUG] [net.minecraftforge.fml.javafmlmod.AutomaticEventSubscriber/LOADING]: Auto-subscribing vectorwing.farmersdelight.common.event.SetupEvents to MOD
[31Dec2025 02:08:23.974] [modloading-worker-0/DEBUG] [net.minecraftforge.fml.javafmlmod.AutomaticEventSubscriber/LOADING]: Auto-subscribing vectorwing.farmersdelight.common.event.MappingEvents to FORGE
[31Dec2025 02:08:23.975] [modloading-worker-0/DEBUG] [net.minecraftforge.fml.javafmlmod.AutomaticEventSubscriber/LOADING]: Auto-subscribing vectorwing.farmersdelight.common.event.CommonEvents to FORGE
[31Dec2025 02:08:23.986] [modloading-worker-0/DEBUG] [net.minecraftforge.fml.javafmlmod.AutomaticEventSubscriber/LOADING]: Auto-subscribing vectorwing.farmersdelight.common.block.CuttingBoardBlock$ToolCarvingEvent to FORGE
[31Dec2025 02:08:23.990] [modloading-worker-0/DEBUG] [net.minecraftforge.fml.javafmlmod.AutomaticEventSubscriber/LOADING]: Attempting to inject @EventBusSubscriber classes into the eventbus for yungsapi
[31Dec2025 02:08:23.993] [modloading-worker-0/DEBUG] [net.minecraftforge.fml.javafmlmod.AutomaticEventSubscriber/LOADING]: Attempting to inject @EventBusSubscriber classes into the eventbus for mixinextras
[31Dec2025 02:08:23.995] [modloading-worker-0/DEBUG] [betterstrongholds/]: Loaded com.yungnickyoung.minecraft.betterstrongholds.services.ForgePlatformHelper@5b716665 for service interface com.yungnickyoung.minecraft.betterstrongholds.services.IPlatformHelper
[31Dec2025 02:08:23.989] [modloading-worker-0/INFO] [dev.architectury.networking.forge.NetworkManagerImpl/]: Registering C2S receiver with id architectury:sync_ids
[31Dec2025 02:08:23.997] [modloading-worker-0/INFO] [dev.architectury.networking.forge.NetworkManagerImpl/]: Registering C2S receiver with id artifacts:networking_channel/42a7ad70b1cc371599a0eff744096b8a
[31Dec2025 02:08:24.002] [modloading-worker-0/DEBUG] [betterstrongholds/]: Loaded com.yungnickyoung.minecraft.betterstrongholds.services.ForgeModulesLoader@b628c08 for service interface com.yungnickyoung.minecraft.betterstrongholds.services.IModulesLoader
[31Dec2025 02:08:24.005] [modloading-worker-0/DEBUG] [betterstrongholds/]: Loaded com.yungnickyoung.minecraft.betterstrongholds.services.ForgeProcessorProvider@35faad49 for service interface com.yungnickyoung.minecraft.betterstrongholds.services.IProcessorProvider
[31Dec2025 02:08:24.004] [modloading-worker-0/INFO] [dev.architectury.networking.forge.NetworkManagerImpl/]: Registering C2S receiver with id artifacts:networking_channel/74a5e841822a3a87854ae896a33430d6
[31Dec2025 02:08:24.006] [modloading-worker-0/INFO] [dev.architectury.networking.forge.NetworkManagerImpl/]: Registering C2S receiver with id artifacts:networking_channel/eb3d1e2748533430848cadf0f37c7e9c
[31Dec2025 02:08:24.011] [modloading-worker-0/INFO] [dev.architectury.networking.forge.NetworkManagerImpl/]: Registering C2S receiver with id artifacts:networking_channel/91c8520f19f93b3e8b6a727568e194ab
[31Dec2025 02:08:24.013] [modloading-worker-0/INFO] [dev.architectury.networking.forge.NetworkManagerImpl/]: Registering C2S receiver with id artifacts:networking_channel/8c2784d778293fd482ed84b8aa5fedb9
[31Dec2025 02:08:24.015] [modloading-worker-0/INFO] [dev.architectury.networking.forge.NetworkManagerImpl/]: Registering C2S receiver with id artifacts:networking_channel/ea038224ea783d40b2863f52239e2604
[31Dec2025 02:08:24.018] [modloading-worker-0/INFO] [dev.architectury.networking.forge.NetworkManagerImpl/]: Registering C2S receiver with id artifacts:networking_channel/97ad64b7ecaf33209991c4f031501a58
[31Dec2025 02:08:24.068] [modloading-worker-0/DEBUG] [mixin/]: Mixing item.wearable.WearableArtifactItemMixin from mixins.artifacts.forge.json into artifacts.item.wearable.WearableArtifactItem
[31Dec2025 02:08:24.076] [modloading-worker-0/DEBUG] [info.u_team.u_team_core.util.verify.JarSignVerifier/]: Took 82.44 ms to check if mod uteamcore is signed.
[31Dec2025 02:08:24.079] [modloading-worker-0/INFO] [info.u_team.u_team_core.util.verify.JarSignVerifier/]: Mod uteamcore is signed with a valid certificate.
[31Dec2025 02:08:24.080] [modloading-worker-0/DEBUG] [info.u_team.u_team_core.util.annotation.AnnotationManager/Construct]: Load construct (info.u_team.u_team_core.intern.init.UCoreCommonConstruct) for mod uteamcore
[31Dec2025 02:08:24.102] [modloading-worker-0/DEBUG] [mixin/]: Mixing item.umbrella.UmbrellaItemMixin from mixins.artifacts.forge.json into artifacts.item.UmbrellaItem
[31Dec2025 02:08:24.109] [modloading-worker-0/DEBUG] [info.u_team.u_team_core.UCoreReference/]: Loaded service info.u_team.u_team_core.impl.ForgeCommandRegister$Factory@41d0bf0a for class interface info.u_team.u_team_core.api.registry.CommandRegister$Factory
[31Dec2025 02:08:24.118] [modloading-worker-0/DEBUG] [info.u_team.u_team_core.util.annotation.AnnotationManager/Construct]: Load construct (info.u_team.u_team_core.intern.init.UCoreForgeCommonConstruct) for mod uteamcore
[31Dec2025 02:08:24.125] [modloading-worker-0/DEBUG] [net.minecraftforge.fml.javafmlmod.AutomaticEventSubscriber/LOADING]: Attempting to inject @EventBusSubscriber classes into the eventbus for uteamcore
[31Dec2025 02:08:24.126] [modloading-worker-0/DEBUG] [net.minecraftforge.fml.javafmlmod.AutomaticEventSubscriber/LOADING]: Auto-subscribing info.u_team.u_team_core.intern.data.UCoreDataGenerator to MOD
[31Dec2025 02:08:24.152] [modloading-worker-0/DEBUG] [net.minecraftforge.fml.javafmlmod.AutomaticEventSubscriber/LOADING]: Attempting to inject @EventBusSubscriber classes into the eventbus for mvs
[31Dec2025 02:08:24.188] [modloading-worker-0/DEBUG] [net.minecraftforge.fml.config.ConfigTracker/CONFIG]: Config file alexsmobs.toml for alexsmobs tracking
[31Dec2025 02:08:24.251] [modloading-worker-0/DEBUG] [net.minecraftforge.fml.config.ConfigTracker/CONFIG]: Config file betterstrongholds-forge-1_20.toml for betterstrongholds tracking
[31Dec2025 02:08:24.252] [modloading-worker-0/DEBUG] [net.minecraftforge.fml.javafmlmod.AutomaticEventSubscriber/LOADING]: Attempting to inject @EventBusSubscriber classes into the eventbus for betterstrongholds
[31Dec2025 02:08:24.256] [modloading-worker-0/DEBUG] [net.minecraftforge.fml.javafmlmod.AutomaticEventSubscriber/LOADING]: Attempting to inject @EventBusSubscriber classes into the eventbus for artifacts
[31Dec2025 02:08:24.259] [modloading-worker-0/DEBUG] [net.minecraftforge.fml.javafmlmod.AutomaticEventSubscriber/LOADING]: Attempting to inject @EventBusSubscriber classes into the eventbus for alexsmobs
[31Dec2025 02:08:24.260] [modloading-worker-0/DEBUG] [net.minecraftforge.fml.javafmlmod.AutomaticEventSubscriber/LOADING]: Attempting to inject @EventBusSubscriber classes into the eventbus for architectury
[31Dec2025 02:08:24.260] [modloading-worker-0/DEBUG] [net.minecraftforge.fml.javafmlmod.AutomaticEventSubscriber/LOADING]: Auto-subscribing dev.architectury.registry.level.entity.trade.forge.TradeRegistryImpl to FORGE
[31Dec2025 02:08:24.260] [modloading-worker-0/DEBUG] [net.minecraftforge.fml.config.ConfigTracker/CONFIG]: Config file lootr-common.toml for lootr tracking
[31Dec2025 02:08:24.262] [modloading-worker-0/DEBUG] [net.minecraftforge.fml.config.ConfigTracker/CONFIG]: Config file lootr-client.toml for lootr tracking
[31Dec2025 02:08:24.262] [modloading-worker-0/DEBUG] [net.minecraftforge.fml.javafmlmod.AutomaticEventSubscriber/LOADING]: Auto-subscribing dev.architectury.registry.forge.ReloadListenerRegistryImpl to FORGE
[31Dec2025 02:08:24.263] [modloading-worker-0/DEBUG] [net.minecraftforge.fml.javafmlmod.AutomaticEventSubscriber/LOADING]: Auto-subscribing com.github.alexthe666.alexsmobs.world.AMWorldRegistry to MOD
[31Dec2025 02:08:24.265] [modloading-worker-0/DEBUG] [net.minecraftforge.fml.javafmlmod.AutomaticEventSubscriber/LOADING]: Auto-subscribing com.github.alexthe666.alexsmobs.tileentity.AMTileEntityRegistry to MOD
[31Dec2025 02:08:24.265] [modloading-worker-0/DEBUG] [net.minecraftforge.fml.javafmlmod.AutomaticEventSubscriber/LOADING]: Auto-subscribing com.github.alexthe666.alexsmobs.event.ServerEvents to FORGE
[31Dec2025 02:08:24.269] [modloading-worker-0/DEBUG] [net.minecraftforge.fml.javafmlmod.AutomaticEventSubscriber/LOADING]: Auto-subscribing dev.architectury.networking.forge.NetworkManagerImpl to FORGE
[31Dec2025 02:08:24.270] [modloading-worker-0/DEBUG] [Framework/]: Loaded com.mrcrayfish.framework.platform.ForgePlatformHelper@281ff5fd for service interface com.mrcrayfish.framework.platform.services.IPlatformHelper
[31Dec2025 02:08:24.271] [modloading-worker-0/DEBUG] [net.minecraftforge.fml.javafmlmod.AutomaticEventSubscriber/LOADING]: Attempting to inject @EventBusSubscriber classes into the eventbus for imst
[31Dec2025 02:08:24.273] [modloading-worker-0/DEBUG] [Framework/]: Loaded com.mrcrayfish.framework.platform.ForgeNetworkHelper@66c784c9 for service interface com.mrcrayfish.framework.platform.services.INetworkHelper
[31Dec2025 02:08:24.274] [modloading-worker-0/DEBUG] [net.minecraftforge.fml.javafmlmod.AutomaticEventSubscriber/LOADING]: Auto-subscribing com.choicetheorem.imst.imst$RegistryEvents to MOD
[31Dec2025 02:08:24.275] [modloading-worker-0/DEBUG] [net.minecraftforge.fml.javafmlmod.AutomaticEventSubscriber/LOADING]: Auto-subscribing com.github.alexthe666.alexsmobs.entity.AMEntityRegistry to MOD
[31Dec2025 02:08:24.275] [modloading-worker-0/DEBUG] [Framework/]: Loaded com.mrcrayfish.framework.platform.ForgeRegistrationHelper@1b571317 for service interface com.mrcrayfish.framework.platform.services.IRegistrationHelper
[31Dec2025 02:08:24.275] [modloading-worker-0/DEBUG] [net.minecraftforge.fml.javafmlmod.AutomaticEventSubscriber/LOADING]: Auto-subscribing com.github.alexthe666.alexsmobs.CommonProxy to MOD
[31Dec2025 02:08:24.276] [modloading-worker-0/DEBUG] [Framework/]: Loaded com.mrcrayfish.framework.platform.ForgeEntityHelper@1c3c215e for service interface com.mrcrayfish.framework.platform.services.IEntityHelper
[31Dec2025 02:08:24.278] [modloading-worker-0/DEBUG] [Framework/]: Loaded com.mrcrayfish.framework.platform.ForgeItemHelper@83a5b for service interface com.mrcrayfish.framework.platform.services.IItemHelper
[31Dec2025 02:08:24.279] [modloading-worker-0/DEBUG] [Framework/]: Loaded com.mrcrayfish.framework.platform.ForgeConfigHelper@236478ea for service interface com.mrcrayfish.framework.platform.services.IConfigHelper
[31Dec2025 02:08:24.277] [modloading-worker-0/DEBUG] [net.minecraftforge.fml.javafmlmod.AutomaticEventSubscriber/LOADING]: Auto-subscribing com.github.alexthe666.alexsmobs.AlexsMobs to FORGE
[31Dec2025 02:08:24.280] [modloading-worker-0/DEBUG] [net.minecraftforge.fml.config.ConfigTracker/CONFIG]: Config file betterfortresses-forge-1_20.toml for betterfortresses tracking
[31Dec2025 02:08:24.282] [modloading-worker-0/DEBUG] [net.minecraftforge.fml.javafmlmod.AutomaticEventSubscriber/LOADING]: Attempting to inject @EventBusSubscriber classes into the eventbus for cloth_config
[31Dec2025 02:08:24.282] [modloading-worker-0/DEBUG] [net.minecraftforge.fml.javafmlmod.AutomaticEventSubscriber/LOADING]: Attempting to inject @EventBusSubscriber classes into the eventbus for betterfortresses
[31Dec2025 02:08:24.282] [modloading-worker-0/INFO] [be.florens.expandability.ExpandAbility/]: ExpandAbility here, who dis?
[31Dec2025 02:08:24.283] [modloading-worker-0/DEBUG] [net.minecraftforge.fml.javafmlmod.AutomaticEventSubscriber/LOADING]: Attempting to inject @EventBusSubscriber classes into the eventbus for expandability
[31Dec2025 02:08:24.300] [modloading-worker-0/DEBUG] [net.minecraftforge.fml.javafmlmod.AutomaticEventSubscriber/LOADING]: Attempting to inject @EventBusSubscriber classes into the eventbus for lootr
[31Dec2025 02:08:24.302] [modloading-worker-0/DEBUG] [net.minecraftforge.fml.javafmlmod.AutomaticEventSubscriber/LOADING]: Auto-subscribing noobanidus.mods.lootr.setup.CommonSetup to MOD
[31Dec2025 02:08:24.304] [modloading-worker-0/DEBUG] [net.minecraftforge.versions.forge.ForgeVersion/CORE]: Forge Version package package net.minecraftforge.versions.forge, Forge, version 47.3 from cpw.mods.modlauncher.TransformingClassLoader@4a8a0099
[31Dec2025 02:08:24.305] [modloading-worker-0/DEBUG] [io.netty.util.internal.PlatformDependent0/]: -Dio.netty.noUnsafe: false
[31Dec2025 02:08:24.305] [modloading-worker-0/DEBUG] [io.netty.util.internal.PlatformDependent0/]: Java version: 17
[31Dec2025 02:08:24.305] [modloading-worker-0/DEBUG] [io.netty.util.internal.PlatformDependent0/]: sun.misc.Unsafe.theUnsafe: available
[31Dec2025 02:08:24.306] [modloading-worker-0/DEBUG] [io.netty.util.internal.PlatformDependent0/]: sun.misc.Unsafe.copyMemory: available
[31Dec2025 02:08:24.306] [modloading-worker-0/DEBUG] [net.minecraftforge.versions.forge.ForgeVersion/CORE]: Found Forge version 47.3.7
[31Dec2025 02:08:24.306] [modloading-worker-0/DEBUG] [net.minecraftforge.versions.forge.ForgeVersion/CORE]: Found Forge spec 47.3
[31Dec2025 02:08:24.307] [modloading-worker-0/DEBUG] [net.minecraftforge.versions.forge.ForgeVersion/CORE]: Found Forge group net.minecraftforge
[31Dec2025 02:08:24.307] [modloading-worker-0/DEBUG] [net.minecraftforge.versions.mcp.MCPVersion/CORE]: MCP Version package package net.minecraftforge.versions.mcp, Minecraft, version 1.20.1 from cpw.mods.modlauncher.TransformingClassLoader@4a8a0099
[31Dec2025 02:08:24.307] [modloading-worker-0/DEBUG] [net.minecraftforge.versions.mcp.MCPVersion/CORE]: Found MC version information 1.20.1
[31Dec2025 02:08:24.308] [modloading-worker-0/DEBUG] [net.minecraftforge.versions.mcp.MCPVersion/CORE]: Found MCP version information 20230612.114412
[31Dec2025 02:08:24.308] [modloading-worker-0/INFO] [net.minecraftforge.common.ForgeMod/FORGEMOD]: Forge mod loading, version 47.3.7, for MC 1.20.1 with MCP 20230612.114412
[31Dec2025 02:08:24.306] [modloading-worker-0/DEBUG] [net.minecraftforge.fml.javafmlmod.AutomaticEventSubscriber/LOADING]: Auto-subscribing noobanidus.mods.lootr.init.ModTabs to MOD
[31Dec2025 02:08:24.308] [modloading-worker-0/INFO] [net.minecraftforge.common.MinecraftForge/FORGE]: MinecraftForge v47.3.7 Initialized
[31Dec2025 02:08:24.308] [modloading-worker-0/DEBUG] [net.minecraftforge.fml.javafmlmod.AutomaticEventSubscriber/LOADING]: Auto-subscribing noobanidus.mods.lootr.init.ModItems to MOD
[31Dec2025 02:08:24.307] [modloading-worker-0/DEBUG] [io.netty.util.internal.PlatformDependent0/]: sun.misc.Unsafe.storeFence: available
[31Dec2025 02:08:24.309] [modloading-worker-0/DEBUG] [net.minecraftforge.fml.javafmlmod.AutomaticEventSubscriber/LOADING]: Auto-subscribing noobanidus.mods.lootr.gen.LootrDataGenerators to MOD
[31Dec2025 02:08:24.309] [modloading-worker-0/DEBUG] [io.netty.util.internal.PlatformDependent0/]: java.nio.Buffer.address: available
[31Dec2025 02:08:24.312] [modloading-worker-0/DEBUG] [net.minecraftforge.fml.javafmlmod.AutomaticEventSubscriber/LOADING]: Auto-subscribing noobanidus.mods.lootr.event.HandleChunk to FORGE
[31Dec2025 02:08:24.310] [modloading-worker-0/DEBUG] [io.netty.util.internal.PlatformDependent0/]: direct buffer constructor: unavailable
java.lang.UnsupportedOperationException: Reflective setAccessible(true) disabled
	at io.netty.util.internal.ReflectionUtil.trySetAccessible(ReflectionUtil.java:31) ~[netty-common-4.1.82.Final.jar%2382!/:4.1.82.Final]
	at io.netty.util.internal.PlatformDependent0$5.run(PlatformDependent0.java:288) ~[netty-common-4.1.82.Final.jar%2382!/:4.1.82.Final]
	at java.security.AccessController.doPrivileged(AccessController.java:318) ~[?:?]
	at io.netty.util.internal.PlatformDependent0.<clinit>(PlatformDependent0.java:282) ~[netty-common-4.1.82.Final.jar%2382!/:4.1.82.Final]
	at io.netty.util.internal.PlatformDependent.isAndroid(PlatformDependent.java:333) ~[netty-common-4.1.82.Final.jar%2382!/:4.1.82.Final]
	at io.netty.util.internal.PlatformDependent.<clinit>(PlatformDependent.java:88) ~[netty-common-4.1.82.Final.jar%2382!/:4.1.82.Final]
	at io.netty.util.internal.ConcurrentSet.<init>(ConcurrentSet.java:37) ~[netty-common-4.1.82.Final.jar%2382!/:4.1.82.Final]
	at com.yungnickyoung.minecraft.bettermineshafts.BetterMineshaftsCommon.<clinit>(BetterMineshaftsCommon.java:19) ~[YungsBetterMineshafts-1.20-Forge-4.0.4.jar%23144!/:1.20-Forge-4.0.4]
	at com.yungnickyoung.minecraft.bettermineshafts.BetterMineshaftsForge.<init>(BetterMineshaftsForge.java:8) ~[YungsBetterMineshafts-1.20-Forge-4.0.4.jar%23144!/:1.20-Forge-4.0.4]
	at jdk.internal.reflect.NativeConstructorAccessorImpl.newInstance0(Native Method) ~[?:?]
	at jdk.internal.reflect.NativeConstructorAccessorImpl.newInstance(NativeConstructorAccessorImpl.java:77) ~[?:?]
	at jdk.internal.reflect.DelegatingConstructorAccessorImpl.newInstance(DelegatingConstructorAccessorImpl.java:45) ~[?:?]
	at java.lang.reflect.Constructor.newInstanceWithCaller(Constructor.java:500) ~[?:?]
	at java.lang.reflect.Constructor.newInstance(Constructor.java:481) ~[?:?]
	at net.minecraftforge.fml.javafmlmod.FMLModContainer.constructMod(FMLModContainer.java:70) ~[javafmllanguage-1.20.1-47.3.7.jar%23151!/:?]
	at net.minecraftforge.fml.ModContainer.lambda$buildTransitionHandler$4(ModContainer.java:124) ~[fmlcore-1.20.1-47.3.7.jar%23150!/:?]
	at java.util.concurrent.CompletableFuture$AsyncRun.run(CompletableFuture.java:1804) ~[?:?]
	at java.util.concurrent.CompletableFuture$AsyncRun.exec(CompletableFuture.java:1796) ~[?:?]
	at java.util.concurrent.ForkJoinTask.doExec(ForkJoinTask.java:373) ~[?:?]
	at java.util.concurrent.ForkJoinPool$WorkQueue.topLevelExec(ForkJoinPool.java:1182) ~[?:?]
	at java.util.concurrent.ForkJoinPool.scan(ForkJoinPool.java:1655) ~[?:?]
	at java.util.concurrent.ForkJoinPool.runWorker(ForkJoinPool.java:1622) ~[?:?]
	at java.util.concurrent.ForkJoinWorkerThread.run(ForkJoinWorkerThread.java:165) ~[?:?]
[31Dec2025 02:08:24.313] [modloading-worker-0/DEBUG] [io.netty.util.internal.PlatformDependent0/]: java.nio.Bits.unaligned: available, true
[31Dec2025 02:08:24.315] [modloading-worker-0/DEBUG] [io.netty.util.internal.PlatformDependent0/]: jdk.internal.misc.Unsafe.allocateUninitializedArray(int): unavailable
java.lang.IllegalAccessException: class io.netty.util.internal.PlatformDependent0$7 (in module io.netty.common) cannot access class jdk.internal.misc.Unsafe (in module java.base) because module java.base does not export jdk.internal.misc to module io.netty.common
	at jdk.internal.reflect.Reflection.newIllegalAccessException(Reflection.java:392) ~[?:?]
	at java.lang.reflect.AccessibleObject.checkAccess(AccessibleObject.java:674) ~[?:?]
	at java.lang.reflect.Method.invoke(Method.java:561) ~[?:?]
	at io.netty.util.internal.PlatformDependent0$7.run(PlatformDependent0.java:410) ~[netty-common-4.1.82.Final.jar%2382!/:4.1.82.Final]
	at java.security.AccessController.doPrivileged(AccessController.java:318) ~[?:?]
	at io.netty.util.internal.PlatformDependent0.<clinit>(PlatformDependent0.java:401) ~[netty-common-4.1.82.Final.jar%2382!/:4.1.82.Final]
	at io.netty.util.internal.PlatformDependent.isAndroid(PlatformDependent.java:333) ~[netty-common-4.1.82.Final.jar%2382!/:4.1.82.Final]
	at io.netty.util.internal.PlatformDependent.<clinit>(PlatformDependent.java:88) ~[netty-common-4.1.82.Final.jar%2382!/:4.1.82.Final]
	at io.netty.util.internal.ConcurrentSet.<init>(ConcurrentSet.java:37) ~[netty-common-4.1.82.Final.jar%2382!/:4.1.82.Final]
	at com.yungnickyoung.minecraft.bettermineshafts.BetterMineshaftsCommon.<clinit>(BetterMineshaftsCommon.java:19) ~[YungsBetterMineshafts-1.20-Forge-4.0.4.jar%23144!/:1.20-Forge-4.0.4]
	at com.yungnickyoung.minecraft.bettermineshafts.BetterMineshaftsForge.<init>(BetterMineshaftsForge.java:8) ~[YungsBetterMineshafts-1.20-Forge-4.0.4.jar%23144!/:1.20-Forge-4.0.4]
	at jdk.internal.reflect.NativeConstructorAccessorImpl.newInstance0(Native Method) ~[?:?]
	at jdk.internal.reflect.NativeConstructorAccessorImpl.newInstance(NativeConstructorAccessorImpl.java:77) ~[?:?]
	at jdk.internal.reflect.DelegatingConstructorAccessorImpl.newInstance(DelegatingConstructorAccessorImpl.java:45) ~[?:?]
	at java.lang.reflect.Constructor.newInstanceWithCaller(Constructor.java:500) ~[?:?]
	at java.lang.reflect.Constructor.newInstance(Constructor.java:481) ~[?:?]
	at net.minecraftforge.fml.javafmlmod.FMLModContainer.constructMod(FMLModContainer.java:70) ~[javafmllanguage-1.20.1-47.3.7.jar%23151!/:?]
	at net.minecraftforge.fml.ModContainer.lambda$buildTransitionHandler$4(ModContainer.java:124) ~[fmlcore-1.20.1-47.3.7.jar%23150!/:?]
	at java.util.concurrent.CompletableFuture$AsyncRun.run(CompletableFuture.java:1804) ~[?:?]
	at java.util.concurrent.CompletableFuture$AsyncRun.exec(CompletableFuture.java:1796) ~[?:?]
	at java.util.concurrent.ForkJoinTask.doExec(ForkJoinTask.java:373) ~[?:?]
	at java.util.concurrent.ForkJoinPool$WorkQueue.topLevelExec(ForkJoinPool.java:1182) ~[?:?]
	at java.util.concurrent.ForkJoinPool.scan(ForkJoinPool.java:1655) ~[?:?]
	at java.util.concurrent.ForkJoinPool.runWorker(ForkJoinPool.java:1622) ~[?:?]
	at java.util.concurrent.ForkJoinWorkerThread.run(ForkJoinWorkerThread.java:165) ~[?:?]
[31Dec2025 02:08:24.316] [modloading-worker-0/DEBUG] [io.netty.util.internal.PlatformDependent0/]: java.nio.DirectByteBuffer.<init>(long, int): unavailable
[31Dec2025 02:08:24.317] [modloading-worker-0/DEBUG] [io.netty.util.internal.PlatformDependent/]: sun.misc.Unsafe: available
[31Dec2025 02:08:24.317] [modloading-worker-0/DEBUG] [io.netty.util.internal.PlatformDependent/]: maxDirectMemory: 15032385536 bytes (maybe)
[31Dec2025 02:08:24.319] [modloading-worker-0/DEBUG] [io.netty.util.internal.PlatformDependent/]: -Dio.netty.tmpdir: /tmp (java.io.tmpdir)
[31Dec2025 02:08:24.320] [modloading-worker-0/DEBUG] [io.netty.util.internal.PlatformDependent/]: -Dio.netty.bitMode: 64 (sun.arch.data.model)
[31Dec2025 02:08:24.320] [modloading-worker-0/DEBUG] [io.netty.util.internal.PlatformDependent/]: -Dio.netty.maxDirectMemory: -1 bytes
[31Dec2025 02:08:24.320] [modloading-worker-0/DEBUG] [io.netty.util.internal.PlatformDependent/]: -Dio.netty.uninitializedArrayAllocationThreshold: -1
[31Dec2025 02:08:24.321] [modloading-worker-0/DEBUG] [io.netty.util.internal.CleanerJava9/]: java.nio.ByteBuffer.cleaner(): available
[31Dec2025 02:08:24.321] [modloading-worker-0/DEBUG] [io.netty.util.internal.PlatformDependent/]: -Dio.netty.noPreferDirect: false
[31Dec2025 02:08:24.323] [modloading-worker-0/DEBUG] [net.minecraftforge.fml.javafmlmod.AutomaticEventSubscriber/LOADING]: Auto-subscribing noobanidus.mods.lootr.event.HandleCart to FORGE
[31Dec2025 02:08:24.325] [modloading-worker-0/DEBUG] [bettermineshafts/]: Loaded com.yungnickyoung.minecraft.bettermineshafts.services.ForgePlatformHelper@3d4d0fc0 for service interface com.yungnickyoung.minecraft.bettermineshafts.services.IPlatformHelper
[31Dec2025 02:08:24.329] [modloading-worker-0/DEBUG] [net.minecraftforge.fml.javafmlmod.AutomaticEventSubscriber/LOADING]: Auto-subscribing noobanidus.mods.lootr.event.HandleBreak to FORGE
[31Dec2025 02:08:24.329] [modloading-worker-0/DEBUG] [bettermineshafts/]: Loaded com.yungnickyoung.minecraft.bettermineshafts.services.ForgeModulesLoader@1b6d59 for service interface com.yungnickyoung.minecraft.bettermineshafts.services.IModulesLoader
[31Dec2025 02:08:24.330] [modloading-worker-0/DEBUG] [net.minecraftforge.fml.javafmlmod.AutomaticEventSubscriber/LOADING]: Auto-subscribing noobanidus.mods.lootr.event.HandleAdvancement to FORGE
[31Dec2025 02:08:24.332] [modloading-worker-0/DEBUG] [net.minecraftforge.fml.config.ConfigTracker/CONFIG]: Config file bettermineshafts-forge-1_20.toml for bettermineshafts tracking
[31Dec2025 02:08:24.331] [modloading-worker-0/DEBUG] [net.minecraftforge.fml.javafmlmod.AutomaticEventSubscriber/LOADING]: Auto-subscribing noobanidus.mods.lootr.entity.EntityTicker to FORGE
[31Dec2025 02:08:24.334] [modloading-worker-0/DEBUG] [net.minecraftforge.fml.javafmlmod.AutomaticEventSubscriber/LOADING]: Attempting to inject @EventBusSubscriber classes into the eventbus for bettermineshafts
[31Dec2025 02:08:24.338] [modloading-worker-0/DEBUG] [betterjungletemples/]: Loaded com.yungnickyoung.minecraft.betterjungletemples.services.ForgePlatformHelper@abd0fd7 for service interface com.yungnickyoung.minecraft.betterjungletemples.services.IPlatformHelper
[31Dec2025 02:08:24.334] [modloading-worker-0/DEBUG] [net.minecraftforge.fml.javafmlmod.AutomaticEventSubscriber/LOADING]: Auto-subscribing noobanidus.mods.lootr.config.ConfigManager to MOD
[31Dec2025 02:08:24.341] [modloading-worker-0/DEBUG] [betterjungletemples/]: Loaded com.yungnickyoung.minecraft.betterjungletemples.services.ForgeModulesLoader@64c8157d for service interface com.yungnickyoung.minecraft.betterjungletemples.services.IModulesLoader
[31Dec2025 02:08:24.341] [modloading-worker-0/DEBUG] [net.minecraftforge.fml.javafmlmod.AutomaticEventSubscriber/LOADING]: Auto-subscribing noobanidus.mods.lootr.block.entities.TileTicker to FORGE
[31Dec2025 02:08:24.341] [modloading-worker-0/DEBUG] [betterjungletemples/]: Loaded com.yungnickyoung.minecraft.betterjungletemples.services.ForgeProcessorProvider@44e9fc4e for service interface com.yungnickyoung.minecraft.betterjungletemples.services.IProcessorProvider
[31Dec2025 02:08:24.346] [modloading-worker-0/DEBUG] [net.minecraftforge.fml.config.ConfigTracker/CONFIG]: Config file betterjungletemples-forge-1_20.toml for betterjungletemples tracking
[31Dec2025 02:08:24.346] [modloading-worker-0/DEBUG] [net.minecraftforge.fml.javafmlmod.AutomaticEventSubscriber/LOADING]: Attempting to inject @EventBusSubscriber classes into the eventbus for betterjungletemples
[31Dec2025 02:08:24.368] [modloading-worker-0/DEBUG] [net.minecraftforge.common.ForgeMod/FORGEMOD]: Loading Network data for FML net version: FML3
[31Dec2025 02:08:24.384] [modloading-worker-0/DEBUG] [net.minecraftforge.fml.config.ConfigTracker/CONFIG]: Config file forge-client.toml for forge tracking
[31Dec2025 02:08:24.384] [modloading-worker-0/DEBUG] [net.minecraftforge.fml.config.ConfigTracker/CONFIG]: Config file forge-server.toml for forge tracking
[31Dec2025 02:08:24.384] [modloading-worker-0/DEBUG] [net.minecraftforge.fml.ModLoadingContext/]: Attempted to register an empty config for type COMMON on mod forge
[31Dec2025 02:08:24.395] [modloading-worker-0/DEBUG] [Framework/]: Started watching config: /workspaces/compas/servidor_minecraft/config/goblintraders-entities.toml
[31Dec2025 02:08:24.398] [modloading-worker-0/DEBUG] [net.minecraftforge.fml.javafmlmod.AutomaticEventSubscriber/LOADING]: Attempting to inject @EventBusSubscriber classes into the eventbus for forge
[31Dec2025 02:08:24.399] [modloading-worker-0/DEBUG] [net.minecraftforge.fml.javafmlmod.AutomaticEventSubscriber/LOADING]: Auto-subscribing net.minecraftforge.common.ForgeSpawnEggItem$CommonHandler to MOD
[31Dec2025 02:08:24.419] [modloading-worker-0/DEBUG] [net.minecraftforge.fml.javafmlmod.AutomaticEventSubscriber/LOADING]: Attempting to inject @EventBusSubscriber classes into the eventbus for framework
[31Dec2025 02:08:24.419] [modloading-worker-0/DEBUG] [net.minecraftforge.fml.javafmlmod.AutomaticEventSubscriber/LOADING]: Auto-subscribing com.mrcrayfish.framework.entity.sync.ForgeSyncedEntityDataHandler to FORGE
[31Dec2025 02:08:24.479] [main/DEBUG] [net.minecraftforge.common.capabilities.CapabilityManager/CAPABILITIES]: Attempting to automatically register: Lnet/minecraftforge/energy/IEnergyStorage;
[31Dec2025 02:08:24.479] [main/DEBUG] [net.minecraftforge.common.capabilities.CapabilityManager/CAPABILITIES]: Attempting to automatically register: Lnet/minecraftforge/fluids/capability/IFluidHandler;
[31Dec2025 02:08:24.479] [main/DEBUG] [net.minecraftforge.common.capabilities.CapabilityManager/CAPABILITIES]: Attempting to automatically register: Lnet/minecraftforge/fluids/capability/IFluidHandlerItem;
[31Dec2025 02:08:24.479] [main/DEBUG] [net.minecraftforge.common.capabilities.CapabilityManager/CAPABILITIES]: Attempting to automatically register: Lnet/minecraftforge/items/IItemHandler;
[31Dec2025 02:08:24.755] [main/DEBUG] [mixin/]: Mixing gamerule.BooleanValueInvoker from mixins.artifacts.common.json into net.minecraft.world.level.GameRules$BooleanValue
[31Dec2025 02:08:24.756] [main/DEBUG] [mixin/]: Renaming @Invoker method invokeCreate(ZLjava/util/function/BiConsumer;)Lnet/minecraft/world/level/GameRules$Type; to invokeCreate_$md$9edffa$0 in mixins.artifacts.common.json:gamerule.BooleanValueInvoker
[31Dec2025 02:08:24.763] [main/DEBUG] [mixin/]: Mixing gamerule.IntegerValueInvoker from mixins.artifacts.common.json into net.minecraft.world.level.GameRules$IntegerValue
[31Dec2025 02:08:24.763] [main/DEBUG] [mixin/]: Renaming @Invoker method invokeCreate(ILjava/util/function/BiConsumer;)Lnet/minecraft/world/level/GameRules$Type; to invokeCreate_$md$9edffa$0 in mixins.artifacts.common.json:gamerule.IntegerValueInvoker
[31Dec2025 02:08:24.778] [main/DEBUG] [Goblin Traders/]: Loaded com.mrcrayfish.goblintraders.platform.ForgePlatformHelper@6ed836b3 for service interface com.mrcrayfish.goblintraders.platform.services.IPlatformHelper
[31Dec2025 02:08:25.156] [main/DEBUG] [dev.architectury.core.item.ArchitecturySpawnEggItem/]: Registering spawn egg mimic_spawn_egg for artifacts:mimic
[31Dec2025 02:08:25.193] [main/DEBUG] [mixin/]: Mixing DataMenuSupplierMixin from uteamcore.mixins.json into info.u_team.u_team_core.menutype.UMenuType$DataMenuSupplier
[31Dec2025 02:08:25.279] [main/DEBUG] [info.u_team.u_team_core.UCoreReference/]: Loaded service info.u_team.u_team_core.impl.ForgeCreativeModeTabRegisterBuilder@7f5e2cf1 for class interface info.u_team.u_team_core.api.registry.CreativeModeTabRegister$Builder
[31Dec2025 02:08:25.431] [main/DEBUG] [net.minecraftforge.fml.config.ConfigTracker/CONFIG]: Loading configs type COMMON
[31Dec2025 02:08:25.432] [main/DEBUG] [net.minecraftforge.fml.config.ConfigFileTypeHandler/CONFIG]: Built TOML config for /workspaces/compas/servidor_minecraft/config/betterwitchhuts-forge-1_20.toml
[31Dec2025 02:08:25.432] [main/DEBUG] [net.minecraftforge.fml.config.ConfigFileTypeHandler/CONFIG]: Loaded TOML config file /workspaces/compas/servidor_minecraft/config/betterwitchhuts-forge-1_20.toml
[31Dec2025 02:08:25.433] [main/DEBUG] [net.minecraftforge.fml.config.ConfigFileTypeHandler/CONFIG]: Watching TOML config file /workspaces/compas/servidor_minecraft/config/betterwitchhuts-forge-1_20.toml for changes
[31Dec2025 02:08:25.434] [main/DEBUG] [net.minecraftforge.fml.config.ConfigFileTypeHandler/CONFIG]: Built TOML config for /workspaces/compas/servidor_minecraft/config/farmersdelight-common.toml
[31Dec2025 02:08:25.435] [Thread-2/DEBUG] [net.minecraftforge.fml.config.ConfigFileTypeHandler/CONFIG]: Config file betterwitchhuts-forge-1_20.toml changed, sending notifies
[31Dec2025 02:08:25.435] [main/DEBUG] [net.minecraftforge.fml.config.ConfigFileTypeHandler/CONFIG]: Loaded TOML config file /workspaces/compas/servidor_minecraft/config/farmersdelight-common.toml
[31Dec2025 02:08:25.435] [main/DEBUG] [net.minecraftforge.fml.config.ConfigFileTypeHandler/CONFIG]: Watching TOML config file /workspaces/compas/servidor_minecraft/config/farmersdelight-common.toml for changes
[31Dec2025 02:08:25.436] [Thread-2/DEBUG] [net.minecraftforge.fml.config.ConfigFileTypeHandler/CONFIG]: Config file betterwitchhuts-forge-1_20.toml changed, sending notifies
[31Dec2025 02:08:25.436] [Thread-2/DEBUG] [net.minecraftforge.fml.config.ConfigFileTypeHandler/CONFIG]: Config file farmersdelight-common.toml changed, sending notifies
[31Dec2025 02:08:25.438] [main/DEBUG] [net.minecraftforge.fml.config.ConfigFileTypeHandler/CONFIG]: Built TOML config for /workspaces/compas/servidor_minecraft/config/usefulbackpacks-common.toml
[31Dec2025 02:08:25.438] [main/DEBUG] [net.minecraftforge.fml.config.ConfigFileTypeHandler/CONFIG]: Loaded TOML config file /workspaces/compas/servidor_minecraft/config/usefulbackpacks-common.toml
[31Dec2025 02:08:25.438] [main/DEBUG] [net.minecraftforge.fml.config.ConfigFileTypeHandler/CONFIG]: Watching TOML config file /workspaces/compas/servidor_minecraft/config/usefulbackpacks-common.toml for changes
[31Dec2025 02:08:25.438] [main/DEBUG] [net.minecraftforge.fml.config.ConfigFileTypeHandler/CONFIG]: Built TOML config for /workspaces/compas/servidor_minecraft/config/curios-common.toml
[31Dec2025 02:08:25.438] [main/DEBUG] [net.minecraftforge.fml.config.ConfigFileTypeHandler/CONFIG]: Loaded TOML config file /workspaces/compas/servidor_minecraft/config/curios-common.toml
[31Dec2025 02:08:25.438] [main/DEBUG] [net.minecraftforge.fml.config.ConfigFileTypeHandler/CONFIG]: Watching TOML config file /workspaces/compas/servidor_minecraft/config/curios-common.toml for changes
[31Dec2025 02:08:25.439] [Thread-2/DEBUG] [net.minecraftforge.fml.config.ConfigFileTypeHandler/CONFIG]: Config file farmersdelight-common.toml changed, sending notifies
[31Dec2025 02:08:25.439] [main/DEBUG] [net.minecraftforge.fml.config.ConfigFileTypeHandler/CONFIG]: Built TOML config for /workspaces/compas/servidor_minecraft/config/citadel-common.toml
[31Dec2025 02:08:25.439] [main/DEBUG] [net.minecraftforge.fml.config.ConfigFileTypeHandler/CONFIG]: Loaded TOML config file /workspaces/compas/servidor_minecraft/config/citadel-common.toml
[31Dec2025 02:08:25.439] [main/DEBUG] [net.minecraftforge.fml.config.ConfigFileTypeHandler/CONFIG]: Watching TOML config file /workspaces/compas/servidor_minecraft/config/citadel-common.toml for changes
[31Dec2025 02:08:25.440] [main/DEBUG] [net.minecraftforge.fml.config.ConfigFileTypeHandler/CONFIG]: Built TOML config for /workspaces/compas/servidor_minecraft/config/alexsmobs.toml
[31Dec2025 02:08:25.441] [Thread-2/DEBUG] [net.minecraftforge.fml.config.ConfigFileTypeHandler/CONFIG]: Config file curios-common.toml changed, sending notifies
[31Dec2025 02:08:25.443] [main/DEBUG] [net.minecraftforge.fml.config.ConfigFileTypeHandler/CONFIG]: Loaded TOML config file /workspaces/compas/servidor_minecraft/config/alexsmobs.toml
[31Dec2025 02:08:25.443] [main/DEBUG] [net.minecraftforge.fml.config.ConfigFileTypeHandler/CONFIG]: Watching TOML config file /workspaces/compas/servidor_minecraft/config/alexsmobs.toml for changes
[31Dec2025 02:08:25.493] [Thread-2/DEBUG] [net.minecraftforge.fml.config.ConfigFileTypeHandler/CONFIG]: Config file alexsmobs.toml changed, sending notifies
[31Dec2025 02:08:25.505] [main/DEBUG] [net.minecraftforge.fml.config.ConfigFileTypeHandler/CONFIG]: Built TOML config for /workspaces/compas/servidor_minecraft/config/betterstrongholds-forge-1_20.toml
[31Dec2025 02:08:25.505] [main/DEBUG] [net.minecraftforge.fml.config.ConfigFileTypeHandler/CONFIG]: Loaded TOML config file /workspaces/compas/servidor_minecraft/config/betterstrongholds-forge-1_20.toml
[31Dec2025 02:08:25.505] [main/DEBUG] [net.minecraftforge.fml.config.ConfigFileTypeHandler/CONFIG]: Watching TOML config file /workspaces/compas/servidor_minecraft/config/betterstrongholds-forge-1_20.toml for changes
[31Dec2025 02:08:25.509] [main/DEBUG] [net.minecraftforge.fml.config.ConfigFileTypeHandler/CONFIG]: Built TOML config for /workspaces/compas/servidor_minecraft/config/lootr-common.toml
[31Dec2025 02:08:25.509] [main/DEBUG] [net.minecraftforge.fml.config.ConfigFileTypeHandler/CONFIG]: Loaded TOML config file /workspaces/compas/servidor_minecraft/config/lootr-common.toml
[31Dec2025 02:08:25.510] [main/DEBUG] [net.minecraftforge.fml.config.ConfigFileTypeHandler/CONFIG]: Watching TOML config file /workspaces/compas/servidor_minecraft/config/lootr-common.toml for changes
[31Dec2025 02:08:25.511] [main/DEBUG] [net.minecraftforge.fml.config.ConfigFileTypeHandler/CONFIG]: Built TOML config for /workspaces/compas/servidor_minecraft/config/betterfortresses-forge-1_20.toml
[31Dec2025 02:08:25.511] [main/DEBUG] [net.minecraftforge.fml.config.ConfigFileTypeHandler/CONFIG]: Loaded TOML config file /workspaces/compas/servidor_minecraft/config/betterfortresses-forge-1_20.toml
[31Dec2025 02:08:25.512] [main/DEBUG] [net.minecraftforge.fml.config.ConfigFileTypeHandler/CONFIG]: Watching TOML config file /workspaces/compas/servidor_minecraft/config/betterfortresses-forge-1_20.toml for changes
[31Dec2025 02:08:25.513] [main/DEBUG] [net.minecraftforge.fml.config.ConfigFileTypeHandler/CONFIG]: Built TOML config for /workspaces/compas/servidor_minecraft/config/bettermineshafts-forge-1_20.toml
[31Dec2025 02:08:25.513] [main/DEBUG] [net.minecraftforge.fml.config.ConfigFileTypeHandler/CONFIG]: Loaded TOML config file /workspaces/compas/servidor_minecraft/config/bettermineshafts-forge-1_20.toml
[31Dec2025 02:08:25.514] [main/DEBUG] [net.minecraftforge.fml.config.ConfigFileTypeHandler/CONFIG]: Watching TOML config file /workspaces/compas/servidor_minecraft/config/bettermineshafts-forge-1_20.toml for changes
[31Dec2025 02:08:25.515] [main/DEBUG] [net.minecraftforge.fml.config.ConfigFileTypeHandler/CONFIG]: Built TOML config for /workspaces/compas/servidor_minecraft/config/betterjungletemples-forge-1_20.toml
[31Dec2025 02:08:25.516] [main/DEBUG] [net.minecraftforge.fml.config.ConfigFileTypeHandler/CONFIG]: Loaded TOML config file /workspaces/compas/servidor_minecraft/config/betterjungletemples-forge-1_20.toml
[31Dec2025 02:08:25.516] [main/DEBUG] [net.minecraftforge.fml.config.ConfigFileTypeHandler/CONFIG]: Watching TOML config file /workspaces/compas/servidor_minecraft/config/betterjungletemples-forge-1_20.toml for changes
[31Dec2025 02:08:25.522] [modloading-worker-0/DEBUG] [mixin/]: Mixing accessor.CriteriaTriggersAccessor from yungsapi.mixins.json into net.minecraft.advancements.CriteriaTriggers
[31Dec2025 02:08:25.522] [modloading-worker-0/DEBUG] [mixin/]: Renaming @Accessor method getValues()Ljava/util/Map; to getValues_$md$9edffa$0 in yungsapi.mixins.json:accessor.CriteriaTriggersAccessor
[31Dec2025 02:08:25.530] [modloading-worker-0/DEBUG] [mixin/]: Mixing MixinSlotAttribute from curios.mixins.json into top.theillusivec4.curios.api.SlotAttribute
[31Dec2025 02:08:25.535] [modloading-worker-0/DEBUG] [mixin/]: Mixing MixinCuriosApi from curios.mixins.json into top.theillusivec4.curios.api.CuriosApi
[31Dec2025 02:08:25.665] [main/DEBUG] [net.minecraftforge.fml.DeferredWorkQueue/LOADING]: Dispatching synchronous work for work queue COMMON_SETUP: 17 jobs
[31Dec2025 02:08:25.687] [main/INFO] [journeymap/]: Initializing Packet Registries
[31Dec2025 02:08:25.818] [Forge Version Check/INFO] [net.minecraftforge.fml.VersionChecker/]: [usefulbackpacks] Starting version check at https://api.u-team.info/update/usefulbackpacks.json
[31Dec2025 02:08:25.996] [main/DEBUG] [net.minecraftforge.fml.DeferredWorkQueue/LOADING]: Synchronous work queue completed in 329.9 ms
[31Dec2025 02:08:26.012] [modloading-worker-0/INFO] [com.choicetheorem.imst.imst/]: Got IMC []
[31Dec2025 02:08:26.019] [main/DEBUG] [net.minecraftforge.fml.DeferredWorkQueue/LOADING]: Dispatching synchronous work for work queue COMPLETE: 1 jobs
[31Dec2025 02:08:26.019] [main/DEBUG] [net.minecraftforge.fml.DeferredWorkQueue/LOADING]: Synchronous work queue completed in 39.77 μs
[31Dec2025 02:08:26.188] [Forge Version Check/DEBUG] [net.minecraftforge.fml.VersionChecker/]: [usefulbackpacks] Received version check data:
{
	"homepage": "https://www.curseforge.com/minecraft/mc-mods/useful-backpacks/files",
	"promos": {
		"1.12.2-latest": "1.5.4.85",
		"1.12.2-recommended": "1.5.4.85",
		"1.13.2-latest": "1.6.1.25",
		"1.13.2-recommended": "1.6.1.25",
		"1.14.2-latest": "1.7.0.32",
		"1.14.2-recommended": "1.7.0.32",
		"1.14.3-latest": "1.7.0.33",
		"1.14.3-recommended": "1.7.0.33",
		"1.14.4-latest": "1.7.6.60",
		"1.14.4-recommended": "1.7.6.60",
		"1.15.1-latest": "1.8.3.51",
		"1.15.1-recommended": "1.8.3.51",
		"1.15.2-latest": "1.10.3.77",
		"1.15.2-recommended": "1.10.3.77",
		"1.16.1-latest": "1.11.3.78",
		"1.16.1-recommended": "1.11.3.78",
		"1.16.2-latest": "1.11.5.81",
		"1.16.2-recommended": "1.11.5.81",
		"1.16.3-latest": "1.11.6.84",
		"1.16.3-recommended": "1.11.6.84",
		"1.16.4-latest": "1.11.6.87",
		"1.16.4-recommended": "1.11.6.87",
		"1.16.5-latest": "1.12.1.103",
		"1.16.5-recommended": "1.12.1.103",
		"1.17.1-latest": "1.12.1.91",
		"1.17.1-recommended": "1.12.1.91",
		"1.18.1-latest": "1.12.1.92-SNAPSHOT",
		"1.18.1-recommended": "1.12.1.92-SNAPSHOT",
		"1.18.2-latest": "1.12.2.94",
		"1.18.2-recommended": "1.12.2.94",
		"1.19-latest": "1.14.0.99",
		"1.19-recommended": "1.14.0.99",
		"1.19.1-latest": "1.14.1.100",
		"1.19.1-recommended": "1.14.1.100",
		"1.19.2-latest": "1.14.1.107",
		"1.19.2-recommended": "1.14.1.107",
		"1.19.3-latest": "1.14.3.109",
		"1.19.3-recommended": "1.14.3.109",
		"1.19.4-latest": "1.15.1.112",
		"1.19.4-recommended": "1.15.1.112",
		"1.20-latest": "2.0.1.118",
		"1.20-recommended": "2.0.1.118",
		"1.20.1-latest": "2.0.1.124",
		"1.20.1-recommended": "2.0.1.124",
		"1.20.2-latest": "2.0.1.123",
		"1.20.2-recommended": "2.0.1.123",
		"1.21-latest": "3.0.0.125",
		"1.21-recommended": "3.0.0.125",
		"1.21.1-latest": "3.0.2.129",
		"1.21.1-recommended": "3.0.2.129"
	},
	"1.12.2": {
		"1.5.4.85": "https://github.com/MC-U-Team/Useful-Backpacks/blob/1.12.2/CHANGELOG.md"
	},
	"1.13.2": {
		"1.6.1.25": "https://github.com/MC-U-Team/Useful-Backpacks/blob/1.13.2/CHANGELOG.md"
	},
	"1.14.2": {
		"1.7.0.32": "https://github.com/MC-U-Team/Useful-Backpacks/blob/1.14.2/CHANGELOG.md"
	},
	"1.14.3": {
		"1.7.0.33": "https://github.com/MC-U-Team/Useful-Backpacks/blob/1.14.3/CHANGELOG.md"
	},
	"1.14.4": {
		"1.7.6.60": "https://github.com/MC-U-Team/Useful-Backpacks/blob/1.14.4/CHANGELOG.md"
	},
	"1.15.1": {
		"1.8.3.51": "https://github.com/MC-U-Team/Useful-Backpacks/blob/1.15.1/CHANGELOG.md"
	},
	"1.15.2": {
		"1.10.3.77": "https://github.com/MC-U-Team/Useful-Backpacks/blob/1.15.2/CHANGELOG.md"
	},
	"1.16.1": {
		"1.11.3.78": "https://github.com/MC-U-Team/Useful-Backpacks/blob/1.16.1/CHANGELOG.md"
	},
	"1.16.2": {
		"1.11.5.81": "https://github.com/MC-U-Team/Useful-Backpacks/blob/1.16.2/CHANGELOG.md"
	},
	"1.16.3": {
		"1.11.6.84": "https://github.com/MC-U-Team/Useful-Backpacks/blob/1.16.3/CHANGELOG.md"
	},
	"1.16.4": {
		"1.11.6.87": "https://github.com/MC-U-Team/Useful-Backpacks/blob/1.16.4/CHANGELOG.md"
	},
	"1.16.5": {
		"1.12.1.103": "https://github.com/MC-U-Team/Useful-Backpacks/blob/1.16.5/CHANGELOG.md"
	},
	"1.17.1": {
		"1.12.1.91": "https://github.com/MC-U-Team/Useful-Backpacks/blob/1.17.1/CHANGELOG.md"
	},
	"1.18.1": {
		"1.12.1.92-SNAPSHOT": "https://github.com/MC-U-Team/Useful-Backpacks/blob/1.18.1/CHANGELOG.md"
	},
	"1.18.2": {
		"1.12.2.94": "https://github.com/MC-U-Team/Useful-Backpacks/blob/1.18.2/CHANGELOG.md"
	},
	"1.19": {
		"1.14.0.99": "https://github.com/MC-U-Team/Useful-Backpacks/blob/1.19/CHANGELOG.md"
	},
	"1.19.1": {
		"1.14.1.100": "https://github.com/MC-U-Team/Useful-Backpacks/blob/1.19.1/CHANGELOG.md"
	},
	"1.19.2": {
		"1.14.1.107": "https://github.com/MC-U-Team/Useful-Backpacks/blob/1.19.2/CHANGELOG.md"
	},
	"1.19.3": {
		"1.14.3.109": "https://github.com/MC-U-Team/Useful-Backpacks/blob/1.19.3/CHANGELOG.md"
	},
	"1.19.4": {
		"1.15.1.112": "https://github.com/MC-U-Team/Useful-Backpacks/blob/1.19.4/CHANGELOG.md"
	},
	"1.20": {
		"2.0.1.118": "https://github.com/MC-U-Team/Useful-Backpacks/blob/1.20/CHANGELOG.md"
	},
	"1.20.1": {
		"2.0.1.124": "https://github.com/MC-U-Team/Useful-Backpacks/blob/1.20.1/CHANGELOG.md"
	},
	"1.20.2": {
		"2.0.1.123": "https://github.com/MC-U-Team/Useful-Backpacks/blob/1.20.2/CHANGELOG.md"
	},
	"1.21": {
		"3.0.0.125": "https://github.com/MC-U-Team/Useful-Backpacks/blob/1.21/CHANGELOG.md"
	},
	"1.21.1": {
		"3.0.2.129": "https://github.com/MC-U-Team/Useful-Backpacks/blob/1.21.1/CHANGELOG.md"
	}
}
[31Dec2025 02:08:26.191] [Forge Version Check/INFO] [net.minecraftforge.fml.VersionChecker/]: [usefulbackpacks] Found status: UP_TO_DATE Current: 2.0.1.124 Target: null
[31Dec2025 02:08:26.193] [Forge Version Check/INFO] [net.minecraftforge.fml.VersionChecker/]: [journeymap] Starting version check at https://forge.curseupdate.com/32274/journeymap
[31Dec2025 02:08:26.294] [Forge Version Check/DEBUG] [net.minecraftforge.fml.VersionChecker/]: [journeymap] Received version check data:
{"promos":{"1.10.2-latest":"1.10.2-5.5.2","1.10.2-recommended":"1.10.2-5.5.2","1.11-latest":"1.11-5.4.6","1.11-recommended":"1.11-5.4.6","1.11.2-latest":"1.11.2-5.5.2","1.11.2-recommended":"1.11.2-5.5.2","1.12-latest":"1.12-5.5.2","1.12-recommended":"1.12-5.5.2","1.12.1-latest":"1.12.1-5.5.2","1.12.1-recommended":"1.12.1-5.5.2","1.12.2-latest":"1.12.2-5.7.1p3","1.12.2-recommended":"1.12.2-5.7.1p3","1.14.4-latest":"5.7.0","1.14.4-recommended":"5.7.0","1.15.2-latest":"5.7.0","1.15.2-recommended":"5.7.0","1.16.2-latest":"5.7.3","1.16.2-recommended":"5.7.3","1.16.3-latest":"5.7.3","1.16.3-recommended":"5.7.3","1.16.4-latest":"5.7.3","1.16.4-recommended":"5.7.3","1.16.5-latest":"5.8.6","1.16.5-recommended":"5.8.6","1.17.1-latest":"5.8.0","1.17.1-recommended":"5.8.0","1.18-latest":"5.8.0alpha9","1.18.1-latest":"5.8.1","1.18.1-recommended":"5.8.1","1.18.2-latest":"5.9.8","1.18.2-recommended":"5.9.8","1.19-latest":"5.8.5","1.19-recommended":"5.8.5","1.19.1-latest":"5.9.0beta2","1.19.2-latest":"5.9.8","1.19.2-recommended":"5.9.8","1.19.3-latest":"5.9.7","1.19.3-recommended":"5.9.7","1.19.4-latest":"5.9.8","1.19.4-recommended":"5.9.8","1.20-latest":"5.9.8","1.20-recommended":"5.9.8","1.20.1-latest":"5.10.3","1.20.1-recommended":"5.10.3","1.20.2-latest":"5.9.21","1.20.2-recommended":"5.9.21","1.20.3-latest":"5.9.18","1.20.3-recommended":"5.9.18","1.20.4-latest":"5.10.0","1.20.4-recommended":"5.10.0","1.20.6-latest":"5.10.0","1.20.6-recommended":"5.10.0","1.21-latest":"1.21-6.0.0-beta.27","1.21.1-latest":"1.21.1-6.0.0-beta.52","1.21.4-latest":"1.21.4-6.0.0-beta.45","1.21.5-latest":"1.21.5-6.0.0-beta.52","1.21.6-latest":"1.21.6-6.0.0-beta.52","1.21.7-latest":"1.21.7-6.0.0-beta.53","1.21.8-latest":"1.21.8-6.0.0-beta.52","1.6.4-latest":"4.0.3","1.6.4-recommended":"4.0.3","1.7.10-latest":"5.2.10","1.7.10-recommended":"5.2.10","1.7.2-latest":"4.0.3","1.7.2-recommended":"4.0.3","1.8-latest":"1.8-5.1.3","1.8-recommended":"1.8-5.1.3","1.8.8-latest":"1.8.8-5.1.3","1.8.8-recommended":"1.8.8-5.1.3","1.8.9-latest":"1.8.9-5.2.4","1.8.9-recommended":"1.8.9-5.2.4","1.9-latest":"1.9-5.5.2","1.9-recommended":"1.9-5.5.2","1.9.4-latest":"1.9.4-5.5.2","1.9.4-recommended":"1.9.4-5.5.2"},"homepage":"https://www.curseforge.com/minecraft/mc-mods/journeymap"}
[31Dec2025 02:08:26.296] [Forge Version Check/INFO] [net.minecraftforge.fml.VersionChecker/]: [journeymap] Found status: UP_TO_DATE Current: 5.10.3 Target: null
[31Dec2025 02:08:26.297] [Forge Version Check/INFO] [net.minecraftforge.fml.VersionChecker/]: [uteamcore] Starting version check at https://api.u-team.info/update/uteamcore.json
[31Dec2025 02:08:26.319] [Forge Version Check/DEBUG] [net.minecraftforge.fml.VersionChecker/]: [uteamcore] Received version check data:
{
	"homepage": "https://www.curseforge.com/minecraft/mc-mods/u-team-core/files",
	"promos": {
		"1.12.2-latest": "2.2.5.375",
		"1.12.2-recommended": "2.2.5.375",
		"1.13.2-latest": "2.4.0.110",
		"1.13.2-recommended": "2.4.0.110",
		"1.14.2-latest": "2.7.0.127",
		"1.14.2-recommended": "2.7.0.127",
		"1.14.3-latest": "2.7.0.128",
		"1.14.3-recommended": "2.7.0.128",
		"1.14.4-latest": "2.8.2.376",
		"1.14.4-recommended": "2.8.2.376",
		"1.15.1-latest": "2.9.3.145",
		"1.15.1-recommended": "2.9.3.145",
		"1.15.2-latest": "3.0.2.377",
		"1.15.2-recommended": "3.0.2.377",
		"1.16.1-latest": "3.1.4.182",
		"1.16.1-recommended": "3.1.4.182",
		"1.16.2-latest": "3.1.9.180",
		"1.16.2-recommended": "3.1.9.180",
		"1.16.3-latest": "3.1.12.185",
		"1.16.3-recommended": "3.1.12.185",
		"1.16.4-latest": "3.1.17.192",
		"1.16.4-recommended": "3.1.17.192",
		"1.16.5-latest": "3.2.1.378",
		"1.16.5-recommended": "3.2.1.378",
		"1.17.1-latest": "4.0.0.199",
		"1.17.1-recommended": "4.0.0.199",
		"1.18-latest": "4.0.0.200-SNAPSHOT",
		"1.18-recommended": "4.0.0.200-SNAPSHOT",
		"1.18.1-latest": "4.0.0.203",
		"1.18.1-recommended": "4.0.0.203",
		"1.18.2-latest": "4.0.1.379",
		"1.18.2-recommended": "4.0.1.379",
		"1.19-latest": "4.3.0.222",
		"1.19-recommended": "4.3.0.222",
		"1.19.1-latest": "4.3.1.224",
		"1.19.1-recommended": "4.3.1.224",
		"1.19.2-latest": "4.4.3.380",
		"1.19.2-recommended": "4.4.3.380",
		"1.19.3-latest": "4.5.3.240",
		"1.19.3-recommended": "4.5.3.240",
		"1.19.4-latest": "5.0.2.381",
		"1.19.4-recommended": "5.0.2.381",
		"1.20-latest": "5.1.2.265",
		"1.20-recommended": "5.1.2.265",
		"1.20.1-latest": "5.1.4.382",
		"1.20.1-recommended": "5.1.4.382",
		"1.20.2-latest": "5.2.0.270",
		"1.20.2-recommended": "5.2.0.270",
		"1.20.4-latest": "5.3.0.301",
		"1.20.4-recommended": "5.3.0.301",
		"1.20.6-latest": "5.4.0.383",
		"1.20.6-recommended": "5.4.0.383",
		"1.21-latest": "5.6.0.328",
		"1.21-recommended": "5.6.0.328",
		"1.21.1-latest": "5.6.2.384",
		"1.21.1-recommended": "5.6.2.384"
	},
	"1.12.2": {
		"2.2.5.375": "https://github.com/MC-U-Team/U-Team-Core/blob/1.12.2/CHANGELOG.md"
	},
	"1.13.2": {
		"2.4.0.110": "https://github.com/MC-U-Team/U-Team-Core/blob/1.13.2/CHANGELOG.md"
	},
	"1.14.2": {
		"2.7.0.127": "https://github.com/MC-U-Team/U-Team-Core/blob/1.14.2/CHANGELOG.md"
	},
	"1.14.3": {
		"2.7.0.128": "https://github.com/MC-U-Team/U-Team-Core/blob/1.14.3/CHANGELOG.md"
	},
	"1.14.4": {
		"2.8.2.376": "https://github.com/MC-U-Team/U-Team-Core/blob/1.14.4/CHANGELOG.md"
	},
	"1.15.1": {
		"2.9.3.145": "https://github.com/MC-U-Team/U-Team-Core/blob/1.15.1/CHANGELOG.md"
	},
	"1.15.2": {
		"3.0.2.377": "https://github.com/MC-U-Team/U-Team-Core/blob/1.15.2/CHANGELOG.md"
	},
	"1.16.1": {
		"3.1.4.182": "https://github.com/MC-U-Team/U-Team-Core/blob/1.16.1/CHANGELOG.md"
	},
	"1.16.2": {
		"3.1.9.180": "https://github.com/MC-U-Team/U-Team-Core/blob/1.16.2/CHANGELOG.md"
	},
	"1.16.3": {
		"3.1.12.185": "https://github.com/MC-U-Team/U-Team-Core/blob/1.16.3/CHANGELOG.md"
	},
	"1.16.4": {
		"3.1.17.192": "https://github.com/MC-U-Team/U-Team-Core/blob/1.16.4/CHANGELOG.md"
	},
	"1.16.5": {
		"3.2.1.378": "https://github.com/MC-U-Team/U-Team-Core/blob/1.16.5/CHANGELOG.md"
	},
	"1.17.1": {
		"4.0.0.199": "https://github.com/MC-U-Team/U-Team-Core/blob/1.17.1/CHANGELOG.md"
	},
	"1.18": {
		"4.0.0.200-SNAPSHOT": "https://github.com/MC-U-Team/U-Team-Core/blob/1.18/CHANGELOG.md"
	},
	"1.18.1": {
		"4.0.0.203": "https://github.com/MC-U-Team/U-Team-Core/blob/1.18.1/CHANGELOG.md"
	},
	"1.18.2": {
		"4.0.1.379": "https://github.com/MC-U-Team/U-Team-Core/blob/1.18.2/CHANGELOG.md"
	},
	"1.19": {
		"4.3.0.222": "https://github.com/MC-U-Team/U-Team-Core/blob/1.19/CHANGELOG.md"
	},
	"1.19.1": {
		"4.3.1.224": "https://github.com/MC-U-Team/U-Team-Core/blob/1.19.1/CHANGELOG.md"
	},
	"1.19.2": {
		"4.4.3.380": "https://github.com/MC-U-Team/U-Team-Core/blob/1.19.2/CHANGELOG.md"
	},
	"1.19.3": {
		"4.5.3.240": "https://github.com/MC-U-Team/U-Team-Core/blob/1.19.3/CHANGELOG.md"
	},
	"1.19.4": {
		"5.0.2.381": "https://github.com/MC-U-Team/U-Team-Core/blob/1.19.4/CHANGELOG.md"
	},
	"1.20": {
		"5.1.2.265": "https://github.com/MC-U-Team/U-Team-Core/blob/1.20/CHANGELOG.md"
	},
	"1.20.1": {
		"5.1.4.382": "https://github.com/MC-U-Team/U-Team-Core/blob/1.20.1/CHANGELOG.md"
	},
	"1.20.2": {
		"5.2.0.270": "https://github.com/MC-U-Team/U-Team-Core/blob/1.20.2/CHANGELOG.md"
	},
	"1.20.4": {
		"5.3.0.301": "https://github.com/MC-U-Team/U-Team-Core/blob/1.20.4/CHANGELOG.md"
	},
	"1.20.6": {
		"5.4.0.383": "https://github.com/MC-U-Team/U-Team-Core/blob/1.20.6/CHANGELOG.md"
	},
	"1.21": {
		"5.6.0.328": "https://github.com/MC-U-Team/U-Team-Core/blob/1.21/CHANGELOG.md"
	},
	"1.21.1": {
		"5.6.2.384": "https://github.com/MC-U-Team/U-Team-Core/blob/1.21.1/CHANGELOG.md"
	}
}
[31Dec2025 02:08:26.320] [Forge Version Check/INFO] [net.minecraftforge.fml.VersionChecker/]: [uteamcore] Found status: OUTDATED Current: 5.1.4.346 Target: 5.1.4.382
[31Dec2025 02:08:26.321] [Forge Version Check/INFO] [net.minecraftforge.fml.VersionChecker/]: [forge] Starting version check at https://files.minecraftforge.net/net/minecraftforge/forge/promotions_slim.json
[31Dec2025 02:08:26.484] [Forge Version Check/DEBUG] [net.minecraftforge.fml.VersionChecker/]: [forge] Received version check data:
{
  "homepage": "https://files.minecraftforge.net/net/minecraftforge/forge/",
  "promos": {
    "1.1-latest": "1.3.4.29",
    "1.2.3-latest": "1.4.1.64",
    "1.2.4-latest": "2.0.0.68",
    "1.2.5-latest": "3.4.9.171",
    "1.3.2-latest": "4.3.5.318",
    "1.4.0-latest": "5.0.0.326",
    "1.4.1-latest": "6.0.0.329",
    "1.4.2-latest": "6.0.1.355",
    "1.4.3-latest": "6.2.1.358",
    "1.4.4-latest": "6.3.0.378",
    "1.4.5-latest": "6.4.2.448",
    "1.4.6-latest": "6.5.0.489",
    "1.4.7-latest": "6.6.2.534",
    "1.5-latest": "7.7.0.598",
    "1.5.1-latest": "7.7.2.682",
    "1.5.2-latest": "7.8.1.738",
    "1.5.2-recommended": "7.8.1.738",
    "1.6.1-latest": "8.9.0.775",
    "1.6.2-latest": "9.10.1.871",
    "1.6.2-recommended": "9.10.1.871",
    "1.6.3-latest": "9.11.0.878",
    "1.6.4-latest": "9.11.1.1345",
    "1.6.4-recommended": "9.11.1.1345",
    "1.7.2-latest": "10.12.2.1161",
    "1.7.2-recommended": "10.12.2.1161",
    "1.7.10-latest": "10.13.4.1614",
    "1.7.10-recommended": "10.13.4.1614",
    "1.8-latest": "11.14.4.1577",
    "1.8-recommended": "11.14.4.1563",
    "1.8.8-latest": "11.15.0.1655",
    "1.8.9-latest": "11.15.1.2318",
    "1.8.9-recommended": "11.15.1.2318",
    "1.9-latest": "12.16.1.1938",
    "1.9-recommended": "12.16.1.1887",
    "1.9.4-latest": "12.17.0.2317",
    "1.9.4-recommended": "12.17.0.2317",
    "1.10-latest": "12.18.0.2000",
    "1.10.2-latest": "12.18.3.2511",
    "1.10.2-recommended": "12.18.3.2511",
    "1.11-latest": "13.19.1.2199",
    "1.11-recommended": "13.19.1.2189",
    "1.11.2-latest": "13.20.1.2588",
    "1.11.2-recommended": "13.20.1.2588",
    "1.12-latest": "14.21.1.2443",
    "1.12-recommended": "14.21.1.2387",
    "1.12.1-latest": "14.22.1.2485",
    "1.12.1-recommended": "14.22.1.2478",
    "1.12.2-latest": "14.23.5.2864",
    "1.12.2-recommended": "14.23.5.2859",
    "1.13.2-latest": "25.0.223",
    "1.14.2-latest": "26.0.63",
    "1.14.3-latest": "27.0.60",
    "1.14.4-latest": "28.2.28",
    "1.14.4-recommended": "28.2.26",
    "1.15-latest": "29.0.4",
    "1.15.1-latest": "30.0.51",
    "1.15.2-latest": "31.2.60",
    "1.15.2-recommended": "31.2.57",
    "1.16.1-latest": "32.0.108",
    "1.16.2-latest": "33.0.61",
    "1.16.3-latest": "34.1.42",
    "1.16.3-recommended": "34.1.0",
    "1.16.4-latest": "35.1.37",
    "1.16.4-recommended": "35.1.4",
    "1.16.5-latest": "36.2.42",
    "1.16.5-recommended": "36.2.34",
    "1.17.1-latest": "37.1.1",
    "1.17.1-recommended": "37.1.1",
    "1.18-latest": "38.0.17",
    "1.18.1-latest": "39.1.2",
    "1.18.1-recommended": "39.1.0",
    "1.18.2-recommended": "40.3.0",
    "1.18.2-latest": "40.3.12",
    "1.19-latest": "41.1.0",
    "1.19-recommended": "41.1.0",
    "1.19.1-latest": "42.0.9",
    "1.19.2-recommended": "43.5.0",
    "1.19.2-latest": "43.5.2",
    "1.19.3-latest": "44.1.23",
    "1.19.3-recommended": "44.1.0",
    "1.19.4-recommended": "45.4.0",
    "1.19.4-latest": "45.4.3",
    "1.20-latest": "46.0.14",
    "1.20.1-recommended": "47.4.10",
    "1.20.1-latest": "47.4.13",
    "1.20.2-latest": "48.1.0",
    "1.20.2-recommended": "48.1.0",
    "1.20.3-latest": "49.0.2",
    "1.20.4-latest": "49.2.4",
    "1.20.4-recommended": "49.2.0",
    "1.20.6-latest": "50.2.4",
    "1.20.6-recommended": "50.2.0",
    "1.21-latest": "51.0.33",
    "1.21.1-latest": "52.1.8",
    "1.21.1-recommended": "52.1.0",
    "1.21.3-latest": "53.1.6",
    "1.21.3-recommended": "53.1.0",
    "1.21.4-latest": "54.1.11",
    "1.21.4-recommended": "54.1.0",
    "1.21.5-latest": "55.1.4",
    "1.21.5-recommended": "55.1.0",
    "1.21.6-latest": "56.0.9",
    "1.21.7-latest": "57.0.3",
    "1.21.8-latest": "58.1.11",
    "1.21.8-recommended": "58.1.0",
    "1.21.9-latest": "59.0.5",
    "1.21.10-latest": "60.1.5",
    "1.21.10-recommended": "60.1.0",
    "1.21.11-latest": "61.0.3"
  }
}
[31Dec2025 02:08:26.484] [Forge Version Check/INFO] [net.minecraftforge.fml.VersionChecker/]: [forge] Found status: OUTDATED Current: 47.3.7 Target: 47.4.10
[31Dec2025 02:08:27.199] [main/INFO] [com.mojang.authlib.yggdrasil.YggdrasilAuthenticationService/]: Environment: authHost='https://authserver.mojang.com', accountsHost='https://api.mojang.com', sessionHost='https://sessionserver.mojang.com', servicesHost='https://api.minecraftservices.com', name='PROD'
[31Dec2025 02:08:28.039] [main/WARN] [net.minecraft.server.packs.VanillaPackResourcesBuilder/]: Assets URL 'union:/workspaces/compas/servidor_minecraft/libraries/net/minecraft/server/1.20.1-20230612.114412/server-1.20.1-20230612.114412-srg.jar%23149!/assets/.mcassetsroot' uses unexpected schema
[31Dec2025 02:08:28.040] [main/WARN] [net.minecraft.server.packs.VanillaPackResourcesBuilder/]: Assets URL 'union:/workspaces/compas/servidor_minecraft/libraries/net/minecraft/server/1.20.1-20230612.114412/server-1.20.1-20230612.114412-srg.jar%23149!/data/.mcassetsroot' uses unexpected schema
[31Dec2025 02:08:28.091] [main/DEBUG] [net.minecraftforge.server.ServerLifecycleHooks/CORE]: Generating PackInfo named mod:farmersdelight for mod file /workspaces/compas/servidor_minecraft/mods/FarmersDelight-1.20.1-1.2.9.jar
[31Dec2025 02:08:28.091] [main/DEBUG] [net.minecraftforge.server.ServerLifecycleHooks/CORE]: Generating PackInfo named mod:usefulbackpacks for mod file /workspaces/compas/servidor_minecraft/mods/useful_backpacks-forge-1.20.1-2.0.1.124.jar
[31Dec2025 02:08:28.092] [main/DEBUG] [net.minecraftforge.server.ServerLifecycleHooks/CORE]: Generating PackInfo named mod:skyvillages for mod file /workspaces/compas/servidor_minecraft/mods/SkyVillages-1.0.4-1.19.2-1.20.1-forge-release.jar
[31Dec2025 02:08:28.092] [main/DEBUG] [net.minecraftforge.server.ServerLifecycleHooks/CORE]: Generating PackInfo named mod:betterwitchhuts for mod file /workspaces/compas/servidor_minecraft/mods/YungsBetterWitchHuts-1.20-Forge-3.0.3.jar
[31Dec2025 02:08:28.093] [main/DEBUG] [net.minecraftforge.server.ServerLifecycleHooks/CORE]: Generating PackInfo named mod:jei for mod file /workspaces/compas/servidor_minecraft/mods/jei-1.20.1-forge-15.20.0.116.jar
[31Dec2025 02:08:28.093] [main/DEBUG] [net.minecraftforge.server.ServerLifecycleHooks/CORE]: Generating PackInfo named mod:goblintraders for mod file /workspaces/compas/servidor_minecraft/mods/goblintraders-forge-1.20.1-1.11.5.jar
[31Dec2025 02:08:28.093] [main/DEBUG] [net.minecraftforge.server.ServerLifecycleHooks/CORE]: Generating PackInfo named mod:curios for mod file /workspaces/compas/servidor_minecraft/mods/curios-forge-5.14.1+1.20.1.jar
[31Dec2025 02:08:28.094] [main/DEBUG] [net.minecraftforge.server.ServerLifecycleHooks/CORE]: Generating PackInfo named mod:journeymap for mod file /workspaces/compas/servidor_minecraft/mods/journeymap-1.20.1-5.10.3-forge.jar
[31Dec2025 02:08:28.094] [main/DEBUG] [net.minecraftforge.server.ServerLifecycleHooks/CORE]: Generating PackInfo named mod:citadel for mod file /workspaces/compas/servidor_minecraft/mods/citadel-2.6.2-1.20.1.jar
[31Dec2025 02:08:28.095] [main/DEBUG] [net.minecraftforge.server.ServerLifecycleHooks/CORE]: Generating PackInfo named mod:alexsmobs for mod file /workspaces/compas/servidor_minecraft/mods/alexsmobs-1.22.9.jar
[31Dec2025 02:08:28.095] [main/DEBUG] [net.minecraftforge.server.ServerLifecycleHooks/CORE]: Generating PackInfo named mod:artifacts for mod file /workspaces/compas/servidor_minecraft/mods/artifacts-forge-9.5.16.jar
[31Dec2025 02:08:28.095] [main/DEBUG] [net.minecraftforge.server.ServerLifecycleHooks/CORE]: Generating PackInfo named mod:yungsapi for mod file /workspaces/compas/servidor_minecraft/mods/YungsApi-1.20-Forge-4.0.6.jar
[31Dec2025 02:08:28.096] [main/DEBUG] [net.minecraftforge.server.ServerLifecycleHooks/CORE]: Generating PackInfo named mod:mixinextras for mod file 
[31Dec2025 02:08:28.096] [main/DEBUG] [net.minecraftforge.server.ServerLifecycleHooks/CORE]: Generating PackInfo named mod:betterstrongholds for mod file /workspaces/compas/servidor_minecraft/mods/YungsBetterStrongholds-1.20-Forge-4.0.3.jar
[31Dec2025 02:08:28.096] [main/DEBUG] [net.minecraftforge.server.ServerLifecycleHooks/CORE]: Generating PackInfo named mod:uteamcore for mod file /workspaces/compas/servidor_minecraft/mods/u_team_core-forge-1.20.1-5.1.4.346.jar
[31Dec2025 02:08:28.097] [main/DEBUG] [net.minecraftforge.server.ServerLifecycleHooks/CORE]: Generating PackInfo named mod:mvs for mod file /workspaces/compas/servidor_minecraft/mods/mvs-4.1.5-1.20.jar
[31Dec2025 02:08:28.097] [main/DEBUG] [net.minecraftforge.server.ServerLifecycleHooks/CORE]: Generating PackInfo named mod:architectury for mod file /workspaces/compas/servidor_minecraft/mods/architectury-10.1.20-minecraftforge.jar
[31Dec2025 02:08:28.098] [main/DEBUG] [net.minecraftforge.server.ServerLifecycleHooks/CORE]: Generating PackInfo named mod:lootr for mod file /workspaces/compas/servidor_minecraft/mods/lootr-forge-1.20-0.7.35.93.jar
[31Dec2025 02:08:28.098] [main/DEBUG] [net.minecraftforge.server.ServerLifecycleHooks/CORE]: Generating PackInfo named mod:terralith for mod file /workspaces/compas/servidor_minecraft/mods/Terralith_1.20.x_v2.5.4.jar
[31Dec2025 02:08:28.099] [main/DEBUG] [net.minecraftforge.server.ServerLifecycleHooks/CORE]: Generating PackInfo named mod:framework for mod file /workspaces/compas/servidor_minecraft/mods/framework-forge-1.20.1-0.7.15.jar
[31Dec2025 02:08:28.099] [main/DEBUG] [net.minecraftforge.server.ServerLifecycleHooks/CORE]: Generating PackInfo named mod:imst for mod file /workspaces/compas/servidor_minecraft/mods/imst-2.1.0.jar
[31Dec2025 02:08:28.099] [main/DEBUG] [net.minecraftforge.server.ServerLifecycleHooks/CORE]: Generating PackInfo named mod:betterfortresses for mod file /workspaces/compas/servidor_minecraft/mods/YungsBetterNetherFortresses-1.20-Forge-2.0.6.jar
[31Dec2025 02:08:28.099] [main/DEBUG] [net.minecraftforge.server.ServerLifecycleHooks/CORE]: Generating PackInfo named mod:cloth_config for mod file /workspaces/compas/servidor_minecraft/mods/cloth-config-11.1.136-forge.jar
[31Dec2025 02:08:28.100] [main/DEBUG] [net.minecraftforge.server.ServerLifecycleHooks/CORE]: Generating PackInfo named mod:forge for mod file /workspaces/compas/servidor_minecraft/libraries/net/minecraftforge/forge/1.20.1-47.3.7/forge-1.20.1-47.3.7-universal.jar
[31Dec2025 02:08:28.100] [main/DEBUG] [net.minecraftforge.server.ServerLifecycleHooks/CORE]: Generating PackInfo named mod:expandability for mod file 
[31Dec2025 02:08:28.100] [main/DEBUG] [net.minecraftforge.server.ServerLifecycleHooks/CORE]: Generating PackInfo named mod:bettermineshafts for mod file /workspaces/compas/servidor_minecraft/mods/YungsBetterMineshafts-1.20-Forge-4.0.4.jar
[31Dec2025 02:08:28.101] [main/DEBUG] [net.minecraftforge.server.ServerLifecycleHooks/CORE]: Generating PackInfo named mod:betterjungletemples for mod file /workspaces/compas/servidor_minecraft/mods/YungsBetterJungleTemples-1.20-Forge-2.0.5.jar
[31Dec2025 02:08:28.112] [main/DEBUG] [mixin/]: Mixing resources.NamespaceResourceManagerAccessor from mvs-common.mixins.json into net.minecraft.server.packs.resources.FallbackResourceManager
[31Dec2025 02:08:29.650] [main/DEBUG] [mixin/]: Mixing PrimaryLevelDataMixin from citadel.mixins.json into net.minecraft.world.level.storage.PrimaryLevelData
[31Dec2025 02:08:29.674] [main/DEBUG] [mixin/]: Mixing MixinLootDataManager from architectury.mixins.json into net.minecraft.world.level.storage.loot.LootDataManager
[31Dec2025 02:08:29.796] [main/DEBUG] [mixin/]: Mixing LocateVanillaWitchHutCommandMixin from betterwitchhuts.mixins.json into net.minecraft.server.commands.LocateCommand
[31Dec2025 02:08:29.798] [main/DEBUG] [mixin/]: Mixing LocateStrongholdCommandMixin from betterstrongholds.mixins.json into net.minecraft.server.commands.LocateCommand
[31Dec2025 02:08:29.799] [main/DEBUG] [mixin/]: Mixing structures.LocateCommandMixin from mvs-common.mixins.json into net.minecraft.server.commands.LocateCommand
[31Dec2025 02:08:29.799] [main/DEBUG] [mixin/]: Renaming synthetic method lambda$mvs_increaseLocateRadius$0(Lnet/minecraft/core/Holder;)Z to md9edffa$lambda$mvs_increaseLocateRadius$0$0 in mvs-common.mixins.json:structures.LocateCommandMixin
[31Dec2025 02:08:29.802] [main/DEBUG] [mixin/]: Mixing LocateVanillaFortressCommandMixin from betterfortresses.mixins.json into net.minecraft.server.commands.LocateCommand
[31Dec2025 02:08:29.803] [main/DEBUG] [mixin/]: Mixing LocateVanillaMineshaftCommandMixin from bettermineshafts.mixins.json into net.minecraft.server.commands.LocateCommand
[31Dec2025 02:08:29.804] [main/DEBUG] [mixin/]: Mixing LocateVanillaJungleTempleCommandMixin from betterjungletemples.mixins.json into net.minecraft.server.commands.LocateCommand
[31Dec2025 02:08:29.851] [main/DEBUG] [net.minecraftforge.coremod.transformer.CoreModBaseTransformer/COREMOD]: Transforming net/minecraft/server/commands/SummonCommand
[31Dec2025 02:08:30.031] [main/DEBUG] [mixin/]: Mixing debug.TagLoaderMixin from mixins.artifacts.common.json into net.minecraft.tags.TagLoader
[31Dec2025 02:08:30.043] [main/DEBUG] [mixin/]: Mixing accessor.RecipeManagerAccessor from farmersdelight.mixins.json into net.minecraft.world.item.crafting.RecipeManager
[31Dec2025 02:08:30.052] [main/INFO] [com.github.alexthe666.alexsmobs.AlexsMobs/]: Adding datapack listener capsid_recipes
[31Dec2025 02:08:30.202] [Worker-Main-2/DEBUG] [mixin/]: Mixing MixinNbtPredicate from curios.mixins.json into net.minecraft.advancements.critereon.NbtPredicate
[31Dec2025 02:08:30.240] [Worker-Main-2/DEBUG] [net.minecraftforge.coremod.transformer.CoreModBaseTransformer/COREMOD]: Transforming net/minecraft/world/entity/raid/Raid
[31Dec2025 02:08:30.421] [Worker-Main-3/DEBUG] [mixin/]: Mixing item.wearable.charmofsinking.EnchantmentHelperMixin from mixins.artifacts.common.json into net.minecraft.world.item.enchantment.EnchantmentHelper
[31Dec2025 02:08:30.422] [Worker-Main-3/DEBUG] [mixin/]: Mixing item.wearable.pendant.EnchantmentHelperMixin from mixins.artifacts.common.json into net.minecraft.world.item.enchantment.EnchantmentHelper
[31Dec2025 02:08:30.914] [main/INFO] [net.minecraft.world.item.crafting.RecipeManager/]: Loaded 9 recipes
[31Dec2025 02:08:31.034] [main/INFO] [net.minecraft.advancements.AdvancementList/]: Loaded 1606 advancements
[31Dec2025 02:08:31.041] [main/INFO] [top.theillusivec4.curios.Curios/]: Loaded 11 curio slots
[31Dec2025 02:08:31.046] [main/INFO] [top.theillusivec4.curios.Curios/]: Loaded 11 curio entities
[31Dec2025 02:08:31.606] [main/DEBUG] [net.minecraftforge.common.ForgeHooks/WP]: Gathering id map for writing to world save world
[31Dec2025 02:08:31.624] [main/DEBUG] [net.minecraftforge.common.ForgeHooks/WP]: ID Map collection complete world
[31Dec2025 02:08:31.688] [Server thread/INFO] [net.minecraft.server.dedicated.DedicatedServer/]: Starting minecraft server version 1.20.1
[31Dec2025 02:08:31.689] [Server thread/INFO] [net.minecraft.server.dedicated.DedicatedServer/]: Loading properties
[31Dec2025 02:08:31.689] [Server thread/INFO] [net.minecraft.server.dedicated.DedicatedServer/]: Default game type: SURVIVAL
[31Dec2025 02:08:31.689] [Server thread/INFO] [net.minecraft.server.MinecraftServer/]: Generating keypair
[31Dec2025 02:08:31.766] [Server thread/INFO] [net.minecraft.server.dedicated.DedicatedServer/]: Starting Minecraft server on *:25565
[31Dec2025 02:08:31.793] [Server thread/DEBUG] [net.minecraftforge.network.DualStackUtils/]: Detected IPv6 address: "0:0:0:0:0:0:0:0"
[31Dec2025 02:08:31.799] [Server thread/DEBUG] [io.netty.util.internal.NativeLibraryLoader/]: -Dio.netty.native.workdir: /tmp (io.netty.tmpdir)
[31Dec2025 02:08:31.800] [Server thread/DEBUG] [io.netty.util.internal.NativeLibraryLoader/]: -Dio.netty.native.deleteLibAfterLoading: true
[31Dec2025 02:08:31.800] [Server thread/DEBUG] [io.netty.util.internal.NativeLibraryLoader/]: -Dio.netty.native.tryPatchShadedId: true
[31Dec2025 02:08:31.800] [Server thread/DEBUG] [io.netty.util.internal.NativeLibraryLoader/]: -Dio.netty.native.detectNativeLibraryDuplicates: true
[31Dec2025 02:08:31.807] [Server thread/DEBUG] [io.netty.util.internal.NativeLibraryLoader/]: Successfully loaded the library /tmp/libnetty_transport_native_epoll_x86_642609294728090509432.so
[31Dec2025 02:08:31.809] [Server thread/DEBUG] [io.netty.util.NetUtil/]: -Djava.net.preferIPv4Stack: false
[31Dec2025 02:08:31.809] [Server thread/DEBUG] [io.netty.util.NetUtil/]: -Djava.net.preferIPv6Addresses: true
[31Dec2025 02:08:31.811] [Server thread/DEBUG] [io.netty.util.NetUtilInitializations/]: Loopback interface: lo (lo, 0:0:0:0:0:0:0:1%lo)
[31Dec2025 02:08:31.813] [Server thread/DEBUG] [io.netty.util.NetUtil/]: /proc/sys/net/core/somaxconn: 4096
[31Dec2025 02:08:31.816] [Server thread/INFO] [net.minecraft.server.network.ServerConnectionListener/]: Using epoll channel type
[31Dec2025 02:08:31.828] [Server thread/DEBUG] [io.netty.channel.MultithreadEventLoopGroup/]: -Dio.netty.eventLoopThreads: 8
[31Dec2025 02:08:31.838] [Server thread/DEBUG] [io.netty.util.internal.InternalThreadLocalMap/]: -Dio.netty.threadLocalMap.stringBuilder.initialSize: 1024
[31Dec2025 02:08:31.839] [Server thread/DEBUG] [io.netty.util.internal.InternalThreadLocalMap/]: -Dio.netty.threadLocalMap.stringBuilder.maxSize: 4096
[31Dec2025 02:08:31.847] [Server thread/DEBUG] [io.netty.util.internal.PlatformDependent/]: org.jctools-core.MpscChunkedArrayQueue: available
[31Dec2025 02:08:31.856] [Server thread/DEBUG] [io.netty.channel.DefaultChannelId/]: -Dio.netty.processId: 28852 (auto-detected)
[31Dec2025 02:08:31.857] [Server thread/DEBUG] [io.netty.channel.DefaultChannelId/]: -Dio.netty.machineId: 7c:1e:52:ff:fe:24:ed:71 (auto-detected)
[31Dec2025 02:08:31.879] [Server thread/DEBUG] [io.netty.buffer.PooledByteBufAllocator/]: -Dio.netty.allocator.numHeapArenas: 8
[31Dec2025 02:08:31.879] [Server thread/DEBUG] [io.netty.buffer.PooledByteBufAllocator/]: -Dio.netty.allocator.numDirectArenas: 8
[31Dec2025 02:08:31.879] [Server thread/DEBUG] [io.netty.buffer.PooledByteBufAllocator/]: -Dio.netty.allocator.pageSize: 8192
[31Dec2025 02:08:31.879] [Server thread/DEBUG] [io.netty.buffer.PooledByteBufAllocator/]: -Dio.netty.allocator.maxOrder: 9
[31Dec2025 02:08:31.879] [Server thread/DEBUG] [io.netty.buffer.PooledByteBufAllocator/]: -Dio.netty.allocator.chunkSize: 4194304
[31Dec2025 02:08:31.879] [Server thread/DEBUG] [io.netty.buffer.PooledByteBufAllocator/]: -Dio.netty.allocator.smallCacheSize: 256
[31Dec2025 02:08:31.879] [Server thread/DEBUG] [io.netty.buffer.PooledByteBufAllocator/]: -Dio.netty.allocator.normalCacheSize: 64
[31Dec2025 02:08:31.879] [Server thread/DEBUG] [io.netty.buffer.PooledByteBufAllocator/]: -Dio.netty.allocator.maxCachedBufferCapacity: 32768
[31Dec2025 02:08:31.879] [Server thread/DEBUG] [io.netty.buffer.PooledByteBufAllocator/]: -Dio.netty.allocator.cacheTrimInterval: 8192
[31Dec2025 02:08:31.879] [Server thread/DEBUG] [io.netty.buffer.PooledByteBufAllocator/]: -Dio.netty.allocator.cacheTrimIntervalMillis: 0
[31Dec2025 02:08:31.879] [Server thread/DEBUG] [io.netty.buffer.PooledByteBufAllocator/]: -Dio.netty.allocator.useCacheForAllThreads: false
[31Dec2025 02:08:31.880] [Server thread/DEBUG] [io.netty.buffer.PooledByteBufAllocator/]: -Dio.netty.allocator.maxCachedByteBuffersPerChunk: 1023
[31Dec2025 02:08:31.887] [Server thread/DEBUG] [io.netty.buffer.ByteBufUtil/]: -Dio.netty.allocator.type: pooled
[31Dec2025 02:08:31.887] [Server thread/DEBUG] [io.netty.buffer.ByteBufUtil/]: -Dio.netty.threadLocalDirectBufferSize: 0
[31Dec2025 02:08:31.887] [Server thread/DEBUG] [io.netty.buffer.ByteBufUtil/]: -Dio.netty.maxThreadLocalCharBufferSize: 16384
[31Dec2025 02:08:31.897] [Server thread/WARN] [net.minecraft.server.dedicated.DedicatedServer/]: **** SERVER IS RUNNING IN OFFLINE/INSECURE MODE!
[31Dec2025 02:08:31.897] [Server thread/WARN] [net.minecraft.server.dedicated.DedicatedServer/]: The server will make no attempt to authenticate usernames. Beware.
[31Dec2025 02:08:31.897] [Server thread/WARN] [net.minecraft.server.dedicated.DedicatedServer/]: While this makes the game possible to play without internet access, it also opens up the ability for hackers to connect with any username they choose.
[31Dec2025 02:08:31.898] [Server thread/WARN] [net.minecraft.server.dedicated.DedicatedServer/]: To change this, set "online-mode" to "true" in the server.properties file.
[31Dec2025 02:08:31.913] [Server thread/DEBUG] [net.minecraftforge.fml.config.ConfigTracker/CONFIG]: Loading configs type SERVER
[31Dec2025 02:08:31.915] [Server thread/DEBUG] [net.minecraftforge.fml.config.ConfigFileTypeHandler/CONFIG]: Built TOML config for ./world/serverconfig/jei-server.toml
[31Dec2025 02:08:31.915] [Server thread/DEBUG] [net.minecraftforge.fml.config.ConfigFileTypeHandler/CONFIG]: Loaded TOML config file ./world/serverconfig/jei-server.toml
[31Dec2025 02:08:31.915] [Server thread/DEBUG] [net.minecraftforge.fml.config.ConfigFileTypeHandler/CONFIG]: Watching TOML config file ./world/serverconfig/jei-server.toml for changes
[31Dec2025 02:08:31.916] [Server thread/DEBUG] [net.minecraftforge.fml.config.ConfigFileTypeHandler/CONFIG]: Built TOML config for ./world/serverconfig/journeymap-server.toml
[31Dec2025 02:08:31.916] [Server thread/DEBUG] [net.minecraftforge.fml.config.ConfigFileTypeHandler/CONFIG]: Loaded TOML config file ./world/serverconfig/journeymap-server.toml
[31Dec2025 02:08:31.916] [Thread-2/DEBUG] [net.minecraftforge.fml.config.ConfigFileTypeHandler/CONFIG]: Config file jei-server.toml changed, sending notifies
[31Dec2025 02:08:31.917] [Server thread/DEBUG] [net.minecraftforge.fml.config.ConfigFileTypeHandler/CONFIG]: Watching TOML config file ./world/serverconfig/journeymap-server.toml for changes
[31Dec2025 02:08:31.918] [Server thread/INFO] [journeymap/]: Loading JourneyMap Forge Configs
[31Dec2025 02:08:31.918] [Thread-2/DEBUG] [net.minecraftforge.fml.config.ConfigFileTypeHandler/CONFIG]: Config file journeymap-server.toml changed, sending notifies
[31Dec2025 02:08:31.919] [Thread-2/INFO] [journeymap/]: Loading JourneyMap Forge Configs
[31Dec2025 02:08:31.920] [Server thread/DEBUG] [net.minecraftforge.fml.config.ConfigFileTypeHandler/CONFIG]: Built TOML config for ./world/serverconfig/curios-server.toml
[31Dec2025 02:08:31.920] [Thread-2/DEBUG] [net.minecraftforge.fml.config.ConfigFileTypeHandler/CONFIG]: Config file journeymap-server.toml changed, sending notifies
[31Dec2025 02:08:31.920] [Server thread/DEBUG] [net.minecraftforge.fml.config.ConfigFileTypeHandler/CONFIG]: Loaded TOML config file ./world/serverconfig/curios-server.toml
[31Dec2025 02:08:31.920] [Server thread/DEBUG] [net.minecraftforge.fml.config.ConfigFileTypeHandler/CONFIG]: Watching TOML config file ./world/serverconfig/curios-server.toml for changes
[31Dec2025 02:08:31.920] [Thread-2/INFO] [journeymap/]: Loading JourneyMap Forge Configs
[31Dec2025 02:08:31.920] [Server thread/DEBUG] [net.minecraftforge.fml.config.ConfigFileTypeHandler/CONFIG]: Built TOML config for ./world/serverconfig/forge-server.toml
[31Dec2025 02:08:31.920] [Server thread/DEBUG] [net.minecraftforge.fml.config.ConfigFileTypeHandler/CONFIG]: Loaded TOML config file ./world/serverconfig/forge-server.toml
[31Dec2025 02:08:31.921] [Server thread/DEBUG] [net.minecraftforge.fml.config.ConfigFileTypeHandler/CONFIG]: Watching TOML config file ./world/serverconfig/forge-server.toml for changes
[31Dec2025 02:08:31.921] [Server thread/DEBUG] [net.minecraftforge.common.ForgeConfig/FORGEMOD]: Loaded forge config file forge-server.toml
[31Dec2025 02:08:31.921] [Thread-2/DEBUG] [net.minecraftforge.fml.config.ConfigFileTypeHandler/CONFIG]: Config file forge-server.toml changed, sending notifies
[31Dec2025 02:08:31.922] [Thread-2/DEBUG] [net.minecraftforge.common.ForgeConfig/FORGEMOD]: Forge config just got changed on the file system!
[31Dec2025 02:08:31.925] [Thread-2/DEBUG] [net.minecraftforge.fml.config.ConfigFileTypeHandler/CONFIG]: Config file forge-server.toml changed, sending notifies
[31Dec2025 02:08:31.925] [Thread-2/DEBUG] [net.minecraftforge.common.ForgeConfig/FORGEMOD]: Forge config just got changed on the file system!
[31Dec2025 02:08:32.105] [Server thread/INFO] [Framework/]: Loading server configs...
[31Dec2025 02:08:32.110] [Server thread/INFO] [net.minecraft.server.dedicated.DedicatedServer/]: Preparing level "world"
[31Dec2025 02:08:32.124] [Server thread/DEBUG] [net.minecraftforge.coremod.transformer.CoreModBaseTransformer/COREMOD]: Transforming net/minecraft/world/level/levelgen/PhantomSpawner
[31Dec2025 02:08:32.134] [Server thread/DEBUG] [net.minecraftforge.coremod.transformer.CoreModBaseTransformer/COREMOD]: Transforming net/minecraft/world/level/levelgen/PatrolSpawner
[31Dec2025 02:08:32.140] [Server thread/DEBUG] [net.minecraftforge.coremod.transformer.CoreModBaseTransformer/COREMOD]: Transforming net/minecraft/world/entity/npc/CatSpawner
[31Dec2025 02:08:32.147] [Server thread/DEBUG] [net.minecraftforge.coremod.transformer.CoreModBaseTransformer/COREMOD]: Transforming net/minecraft/world/entity/ai/village/VillageSiege
[31Dec2025 02:08:32.446] [Server thread/DEBUG] [mixin/]: Mixing accessor.ChunkGeneratorStructureStateAccessor from betterjungletemples.mixins.json into net.minecraft.world.level.chunk.ChunkGeneratorStructureState
[31Dec2025 02:08:32.507] [Server thread/DEBUG] [mixin/]: Mixing accessor.StructureManagerAccessor from betterfortresses.mixins.json into net.minecraft.world.level.StructureManager
[31Dec2025 02:08:32.508] [Server thread/DEBUG] [mixin/]: Mixing accessor.StructureManagerAccessor from betterjungletemples.mixins.json into net.minecraft.world.level.StructureManager
[31Dec2025 02:08:32.508] [Server thread/DEBUG] [mixin/]: Unexpected: Registered method getLevel()Lnet/minecraft/world/level/LevelAccessor; in net.minecraft.world.level.StructureManager was not merged
[31Dec2025 02:08:35.139] [Server thread/INFO] [net.minecraft.server.MinecraftServer/]: Preparing start region for dimension minecraft:overworld
[31Dec2025 02:08:35.732] [Server thread/DEBUG] [mixin/]: Mixing MixinChunkSerializer from architectury.mixins.json into net.minecraft.world.level.chunk.storage.ChunkSerializer
[31Dec2025 02:08:35.986] [Server thread/DEBUG] [mixin/]: Mixing accessor.BoundingBoxAccessor from betterwitchhuts.mixins.json into net.minecraft.world.level.levelgen.structure.BoundingBox
[31Dec2025 02:08:35.987] [Server thread/DEBUG] [mixin/]: Mixing accessor.BoundingBoxAccessor from yungsapi.mixins.json into net.minecraft.world.level.levelgen.structure.BoundingBox
[31Dec2025 02:08:35.987] [Server thread/DEBUG] [mixin/]: Mixing BoundingBoxAccessor from bettermineshafts.mixins.json into net.minecraft.world.level.levelgen.structure.BoundingBox
[31Dec2025 02:08:35.988] [Server thread/DEBUG] [mixin/]: Unexpected: Registered method setMinX(I)V in net.minecraft.world.level.levelgen.structure.BoundingBox was not merged
[31Dec2025 02:08:35.988] [Server thread/DEBUG] [mixin/]: Unexpected: Registered method setMinX(I)V in net.minecraft.world.level.levelgen.structure.BoundingBox was not merged
[31Dec2025 02:08:35.988] [Server thread/DEBUG] [mixin/]: Unexpected: Registered method setMinY(I)V in net.minecraft.world.level.levelgen.structure.BoundingBox was not merged
[31Dec2025 02:08:35.988] [Server thread/DEBUG] [mixin/]: Unexpected: Registered method setMinZ(I)V in net.minecraft.world.level.levelgen.structure.BoundingBox was not merged
[31Dec2025 02:08:35.988] [Server thread/DEBUG] [mixin/]: Unexpected: Registered method setMaxY(I)V in net.minecraft.world.level.levelgen.structure.BoundingBox was not merged
[31Dec2025 02:08:35.988] [Server thread/DEBUG] [mixin/]: Unexpected: Registered method setMinZ(I)V in net.minecraft.world.level.levelgen.structure.BoundingBox was not merged
[31Dec2025 02:08:35.988] [Server thread/DEBUG] [mixin/]: Unexpected: Registered method setMaxY(I)V in net.minecraft.world.level.levelgen.structure.BoundingBox was not merged
[31Dec2025 02:08:35.988] [Server thread/DEBUG] [mixin/]: Unexpected: Registered method setMaxX(I)V in net.minecraft.world.level.levelgen.structure.BoundingBox was not merged
[31Dec2025 02:08:35.989] [Server thread/DEBUG] [mixin/]: Unexpected: Registered method setMaxZ(I)V in net.minecraft.world.level.levelgen.structure.BoundingBox was not merged
[31Dec2025 02:08:35.989] [Server thread/DEBUG] [mixin/]: Unexpected: Registered method setMinY(I)V in net.minecraft.world.level.levelgen.structure.BoundingBox was not merged
[31Dec2025 02:08:35.989] [Server thread/DEBUG] [mixin/]: Unexpected: Registered method setMaxX(I)V in net.minecraft.world.level.levelgen.structure.BoundingBox was not merged
[31Dec2025 02:08:35.989] [Server thread/DEBUG] [mixin/]: Unexpected: Registered method setMaxZ(I)V in net.minecraft.world.level.levelgen.structure.BoundingBox was not merged
[31Dec2025 02:08:35.993] [Server thread/DEBUG] [net.minecraftforge.coremod.transformer.CoreModBaseTransformer/COREMOD]: Transforming net/minecraft/world/level/levelgen/structure/templatesystem/StructureTemplate
[31Dec2025 02:08:36.035] [Server thread/DEBUG] [mixin/]: Mixing StructureTemplateMixin from betterwitchhuts.mixins.json into net.minecraft.world.level.levelgen.structure.templatesystem.StructureTemplate
[31Dec2025 02:08:36.035] [Server thread/DEBUG] [mixin/]: Renaming synthetic method lambda$betterwitchhuts_preventAutoWaterlogging$0(Lnet/minecraft/world/level/levelgen/structure/templatesystem/StructureProcessor;)Z to md9edffa$lambda$betterwitchhuts_preventAutoWaterlogging$0$0 in betterwitchhuts.mixins.json:StructureTemplateMixin
[31Dec2025 02:08:36.037] [Server thread/DEBUG] [mixin/]: Mixing structures.StructureTemplateMixin from mvs-common.mixins.json into net.minecraft.world.level.levelgen.structure.templatesystem.StructureTemplate
[31Dec2025 02:08:36.037] [Server thread/DEBUG] [mixin/]: Renaming synthetic method lambda$mvs_preventAutoWaterlogging$0(Lnet/minecraft/world/level/levelgen/structure/templatesystem/StructureProcessor;)Z to md9edffa$lambda$mvs_preventAutoWaterlogging$0$1 in mvs-common.mixins.json:structures.StructureTemplateMixin
[31Dec2025 02:08:36.038] [Server thread/DEBUG] [mixin/]: Mixing structures.TemplateAccessor from mvs-common.mixins.json into net.minecraft.world.level.levelgen.structure.templatesystem.StructureTemplate
[31Dec2025 02:08:36.038] [Server thread/DEBUG] [mixin/]: Mixing MixinStructureTemplate from lootr.mixins.json into net.minecraft.world.level.levelgen.structure.templatesystem.StructureTemplate
[31Dec2025 02:08:36.038] [Server thread/DEBUG] [mixin/]: Mixing StructureTemplateMixin from betterjungletemples.mixins.json into net.minecraft.world.level.levelgen.structure.templatesystem.StructureTemplate
[31Dec2025 02:08:36.038] [Server thread/DEBUG] [mixin/]: Renaming synthetic method lambda$betterjungletemples_preventAutoWaterlogging$0(Lnet/minecraft/world/level/levelgen/structure/templatesystem/StructureProcessor;)Z to md9edffa$lambda$betterjungletemples_preventAutoWaterlogging$0$2 in betterjungletemples.mixins.json:StructureTemplateMixin
[31Dec2025 02:08:39.110] [Worker-Main-1/INFO] [net.minecraft.server.level.progress.LoggerChunkProgressListener/]: Preparing spawn area: 0%
[31Dec2025 02:08:39.172] [Worker-Main-3/INFO] [net.minecraft.server.level.progress.LoggerChunkProgressListener/]: Preparing spawn area: 0%
[31Dec2025 02:08:39.173] [Worker-Main-3/INFO] [net.minecraft.server.level.progress.LoggerChunkProgressListener/]: Preparing spawn area: 0%
[31Dec2025 02:08:39.173] [Worker-Main-3/INFO] [net.minecraft.server.level.progress.LoggerChunkProgressListener/]: Preparing spawn area: 0%
[31Dec2025 02:08:39.174] [Worker-Main-3/INFO] [net.minecraft.server.level.progress.LoggerChunkProgressListener/]: Preparing spawn area: 0%
[31Dec2025 02:08:39.177] [Worker-Main-2/INFO] [net.minecraft.server.level.progress.LoggerChunkProgressListener/]: Preparing spawn area: 0%
[31Dec2025 02:08:39.178] [Worker-Main-2/INFO] [net.minecraft.server.level.progress.LoggerChunkProgressListener/]: Preparing spawn area: 0%
[31Dec2025 02:08:39.178] [Worker-Main-2/INFO] [net.minecraft.server.level.progress.LoggerChunkProgressListener/]: Preparing spawn area: 0%
[31Dec2025 02:08:39.179] [Worker-Main-2/INFO] [net.minecraft.server.level.progress.LoggerChunkProgressListener/]: Preparing spawn area: 0%
[31Dec2025 02:08:39.641] [Worker-Main-2/INFO] [net.minecraft.server.level.progress.LoggerChunkProgressListener/]: Preparing spawn area: 4%
[31Dec2025 02:08:40.140] [Worker-Main-2/INFO] [net.minecraft.server.level.progress.LoggerChunkProgressListener/]: Preparing spawn area: 87%
[31Dec2025 02:08:40.404] [Server thread/INFO] [net.minecraft.server.level.progress.LoggerChunkProgressListener/]: Time elapsed: 5264 ms
[31Dec2025 02:08:40.405] [Server thread/INFO] [net.minecraft.server.dedicated.DedicatedServer/]: Done (8.491s)! For help, type "help"
[31Dec2025 02:08:40.413] [Server thread/DEBUG] [net.minecraftforge.network.DualStackUtils/]: Detected IPv6 address: "0:0:0:0:0:0:0:0"
[31Dec2025 02:08:40.426] [Server thread/DEBUG] [net.minecraftforge.common.ForgeI18n/CORE]: Loading I18N data entries: 3100
[31Dec2025 02:08:40.429] [Server thread/INFO] [net.minecraftforge.server.permission.PermissionAPI/]: Successfully initialized permission handler forge:default_handler
[31Dec2025 02:08:40.541] [Server thread/DEBUG] [io.netty.buffer.AbstractByteBuf/]: -Dio.netty.buffer.checkAccessible: true
[31Dec2025 02:08:40.541] [Server thread/DEBUG] [io.netty.buffer.AbstractByteBuf/]: -Dio.netty.buffer.checkBounds: true
[31Dec2025 02:08:40.542] [Server thread/DEBUG] [io.netty.util.ResourceLeakDetectorFactory/]: Loaded default ResourceLeakDetector: io.netty.util.ResourceLeakDetector@e9281a
[31Dec2025 02:08:40.583] [Server thread/DEBUG] [net.minecraftforge.coremod.transformer.CoreModBaseTransformer/COREMOD]: Transforming net/minecraft/world/level/NaturalSpawner
[31Dec2025 02:08:40.606] [Server thread/DEBUG] [mixin/]: Mixing item.wearable.NaturalSpawnerMixin from mixins.artifacts.common.json into net.minecraft.world.level.NaturalSpawner
[31Dec2025 02:08:40.607] [Server thread/DEBUG] [mixin/]: Renaming synthetic method lambda$spawnCategoryForPosition$0(Lnet/minecraft/world/entity/Mob;Lnet/minecraft/world/item/ItemStack;)V to md9edffa$lambda$spawnCategoryForPosition$0$0 in mixins.artifacts.common.json:item.wearable.NaturalSpawnerMixin
[31Dec2025 02:08:40.725] [Server thread/DEBUG] [artifacts.Artifacts/]: Loaded artifacts.forge.platform.ForgePlatformHelper@3df9438e for service interface artifacts.platform.PlatformHelper
[31Dec2025 02:08:54.411] [Netty Epoll Server IO #1/DEBUG] [io.netty.util.Recycler/]: -Dio.netty.recycler.maxCapacityPerThread: 4096
[31Dec2025 02:08:54.411] [Netty Epoll Server IO #1/DEBUG] [io.netty.util.Recycler/]: -Dio.netty.recycler.ratio: 8
[31Dec2025 02:08:54.411] [Netty Epoll Server IO #1/DEBUG] [io.netty.util.Recycler/]: -Dio.netty.recycler.chunkSize: 32
[31Dec2025 02:08:54.411] [Netty Epoll Server IO #1/DEBUG] [io.netty.util.Recycler/]: -Dio.netty.recycler.blocking: false
[31Dec2025 02:09:28.093] [Netty Epoll Server IO #3/DEBUG] [net.minecraftforge.network.HandshakeHandler/FMLHANDSHAKE]: Starting new modded impl connection. Found 25 messages to dispatch.
[31Dec2025 02:09:28.115] [Server thread/DEBUG] [net.minecraftforge.network.HandshakeHandler/FMLHANDSHAKE]: Sending ticking packet info 'net.minecraftforge.network.HandshakeMessages$S2CModData' to 'fml:handshake' sequence 0
[31Dec2025 02:09:28.165] [Server thread/DEBUG] [net.minecraftforge.network.HandshakeHandler/FMLHANDSHAKE]: Sending ticking packet info 'net.minecraftforge.network.HandshakeMessages$S2CModList' to 'fml:handshake' sequence 1
[31Dec2025 02:09:28.214] [Server thread/DEBUG] [net.minecraftforge.network.HandshakeHandler/FMLHANDSHAKE]: Sending ticking packet info 'Registry minecraft:command_argument_type' to 'fml:handshake' sequence 2
[31Dec2025 02:09:28.237] [Netty Epoll Server IO #3/DEBUG] [net.minecraftforge.network.LoginWrapper/FMLHANDSHAKE]: Recieved login wrapper packet event for channel fml:handshake with index 1
[31Dec2025 02:09:28.239] [Netty Epoll Server IO #3/DEBUG] [net.minecraftforge.network.HandshakeHandler/FMLHANDSHAKE]: Received client indexed reply 1 of type net.minecraftforge.network.HandshakeMessages$C2SModListReply
[31Dec2025 02:09:28.239] [Netty Epoll Server IO #3/DEBUG] [net.minecraftforge.network.HandshakeHandler/FMLHANDSHAKE]: Received client connection with modlist [minecraft, farmersdelight, usefulbackpacks, skyvillages, betterwitchhuts, jei, goblintraders, curios, journeymap, citadel, alexsmobs, artifacts, yungsapi, mixinextras, betterstrongholds, uteamcore, mvs, architectury, lootr, terralith, framework, imst, betterfortresses, cloth_config, forge, expandability, bettermineshafts, embeddium, rubidium, oculus, betterjungletemples]
[31Dec2025 02:09:28.240] [Netty Epoll Server IO #3/DEBUG] [net.minecraftforge.network.NetworkRegistry/NETREGISTRY]: Channel 'architectury:network' : Version test of '1' from client : ACCEPTED
[31Dec2025 02:09:28.240] [Netty Epoll Server IO #3/DEBUG] [net.minecraftforge.network.NetworkRegistry/NETREGISTRY]: Channel 'jei:channel' : Version test of '1.0.0' from client : ACCEPTED
[31Dec2025 02:09:28.240] [Netty Epoll Server IO #3/DEBUG] [net.minecraftforge.network.NetworkRegistry/NETREGISTRY]: Channel 'minecraft:unregister' : Version test of 'FML3' from client : ACCEPTED
[31Dec2025 02:09:28.240] [Netty Epoll Server IO #3/DEBUG] [net.minecraftforge.network.NetworkRegistry/NETREGISTRY]: Channel 'citadel:main_channel' : Version test of '1' from client : ACCEPTED
[31Dec2025 02:09:28.240] [Netty Epoll Server IO #3/DEBUG] [net.minecraftforge.network.NetworkRegistry/NETREGISTRY]: Channel 'journeymap:version' : Version test of '1' from client : ACCEPTED
[31Dec2025 02:09:28.240] [Netty Epoll Server IO #3/DEBUG] [net.minecraftforge.network.NetworkRegistry/NETREGISTRY]: Channel 'framework:play' : Version test of '1' from client : ACCEPTED
[31Dec2025 02:09:28.240] [Netty Epoll Server IO #3/DEBUG] [net.minecraftforge.network.NetworkRegistry/NETREGISTRY]: Channel 'uteamcore:network_forge' : Version test of '1.20.1-1' from client : ACCEPTED
[31Dec2025 02:09:28.241] [Netty Epoll Server IO #3/DEBUG] [net.minecraftforge.network.NetworkRegistry/NETREGISTRY]: Channel 'curios:main' : Version test of '1' from client : ACCEPTED
[31Dec2025 02:09:28.241] [Netty Epoll Server IO #3/DEBUG] [net.minecraftforge.network.NetworkRegistry/NETREGISTRY]: Channel 'worldinfo:world_id' : Version test of '1' from client : ACCEPTED
[31Dec2025 02:09:28.241] [Netty Epoll Server IO #3/DEBUG] [net.minecraftforge.network.NetworkRegistry/NETREGISTRY]: Channel 'usefulbackpacks:slot_mod' : Version test of '0' from client : ACCEPTED
[31Dec2025 02:09:28.241] [Netty Epoll Server IO #3/DEBUG] [net.minecraftforge.network.NetworkRegistry/NETREGISTRY]: Channel 'journeymap:admin_req' : Version test of '1' from client : ACCEPTED
[31Dec2025 02:09:28.241] [Netty Epoll Server IO #3/DEBUG] [net.minecraftforge.network.NetworkRegistry/NETREGISTRY]: Channel 'journeymap:mp_options_req' : Version test of '1' from client : ACCEPTED
[31Dec2025 02:09:28.241] [Netty Epoll Server IO #3/DEBUG] [net.minecraftforge.network.NetworkRegistry/NETREGISTRY]: Channel 'journeymap:waypoint' : Version test of '1' from client : ACCEPTED
[31Dec2025 02:09:28.241] [Netty Epoll Server IO #3/DEBUG] [net.minecraftforge.network.NetworkRegistry/NETREGISTRY]: Channel 'framework:handshake' : Version test of '1' from client : ACCEPTED
[31Dec2025 02:09:28.241] [Netty Epoll Server IO #3/DEBUG] [net.minecraftforge.network.NetworkRegistry/NETREGISTRY]: Channel 'fml:loginwrapper' : Version test of 'FML3' from client : ACCEPTED
[31Dec2025 02:09:28.241] [Netty Epoll Server IO #3/DEBUG] [net.minecraftforge.network.NetworkRegistry/NETREGISTRY]: Channel 'forge:tier_sorting' : Version test of '1.0' from client : ACCEPTED
[31Dec2025 02:09:28.241] [Netty Epoll Server IO #3/DEBUG] [net.minecraftforge.network.NetworkRegistry/NETREGISTRY]: Channel 'alexsmobs:main_channel' : Version test of '1' from client : ACCEPTED
[31Dec2025 02:09:28.241] [Netty Epoll Server IO #3/DEBUG] [net.minecraftforge.network.NetworkRegistry/NETREGISTRY]: Channel 'fml:play' : Version test of 'FML3' from client : ACCEPTED
[31Dec2025 02:09:28.241] [Netty Epoll Server IO #3/DEBUG] [net.minecraftforge.network.NetworkRegistry/NETREGISTRY]: Channel 'journeymap:admin_save' : Version test of '1' from client : ACCEPTED
[31Dec2025 02:09:28.241] [Netty Epoll Server IO #3/DEBUG] [net.minecraftforge.network.NetworkRegistry/NETREGISTRY]: Channel 'journeymap:player_loc' : Version test of '1' from client : ACCEPTED
[31Dec2025 02:09:28.241] [Netty Epoll Server IO #3/DEBUG] [net.minecraftforge.network.NetworkRegistry/NETREGISTRY]: Channel 'journeymap:teleport_req' : Version test of '1' from client : ACCEPTED
[31Dec2025 02:09:28.241] [Netty Epoll Server IO #3/DEBUG] [net.minecraftforge.network.NetworkRegistry/NETREGISTRY]: Channel 'uteamcore:network' : Version test of '1.20.1-1' from client : ACCEPTED
[31Dec2025 02:09:28.241] [Netty Epoll Server IO #3/DEBUG] [net.minecraftforge.network.NetworkRegistry/NETREGISTRY]: Channel 'fml:handshake' : Version test of 'FML3' from client : ACCEPTED
[31Dec2025 02:09:28.241] [Netty Epoll Server IO #3/DEBUG] [net.minecraftforge.network.NetworkRegistry/NETREGISTRY]: Channel 'lootr:main_network_channel' : Version test of '2' from client : ACCEPTED
[31Dec2025 02:09:28.241] [Netty Epoll Server IO #3/DEBUG] [net.minecraftforge.network.NetworkRegistry/NETREGISTRY]: Channel 'journeymap:common' : Version test of '1' from client : ACCEPTED
[31Dec2025 02:09:28.241] [Netty Epoll Server IO #3/DEBUG] [net.minecraftforge.network.NetworkRegistry/NETREGISTRY]: Channel 'minecraft:register' : Version test of 'FML3' from client : ACCEPTED
[31Dec2025 02:09:28.241] [Netty Epoll Server IO #3/DEBUG] [net.minecraftforge.network.NetworkRegistry/NETREGISTRY]: Channel 'forge:split' : Version test of '1.1' from client : ACCEPTED
[31Dec2025 02:09:28.241] [Netty Epoll Server IO #3/DEBUG] [net.minecraftforge.network.NetworkRegistry/NETREGISTRY]: Channel 'journeymap:perm_req' : Version test of '1' from client : ACCEPTED
[31Dec2025 02:09:28.241] [Netty Epoll Server IO #3/DEBUG] [net.minecraftforge.network.NetworkRegistry/NETREGISTRY]: Accepting channel list from client
[31Dec2025 02:09:28.242] [Netty Epoll Server IO #3/DEBUG] [net.minecraftforge.network.HandshakeHandler/FMLHANDSHAKE]: Accepted client connection mod list
[31Dec2025 02:09:28.264] [Server thread/DEBUG] [net.minecraftforge.network.HandshakeHandler/FMLHANDSHAKE]: Sending ticking packet info 'Registry minecraft:recipe_serializer' to 'fml:handshake' sequence 3
[31Dec2025 02:09:28.284] [Netty Epoll Server IO #3/DEBUG] [net.minecraftforge.network.LoginWrapper/FMLHANDSHAKE]: Recieved login wrapper packet event for channel fml:handshake with index 2
[31Dec2025 02:09:28.284] [Netty Epoll Server IO #3/DEBUG] [net.minecraftforge.network.HandshakeHandler/FMLHANDSHAKE]: Received client indexed reply 2 of type net.minecraftforge.network.HandshakeMessages$C2SAcknowledge
[31Dec2025 02:09:28.284] [Netty Epoll Server IO #3/DEBUG] [net.minecraftforge.network.HandshakeHandler/FMLHANDSHAKE]: Received acknowledgement from client
[31Dec2025 02:09:28.314] [Server thread/DEBUG] [net.minecraftforge.network.HandshakeHandler/FMLHANDSHAKE]: Sending ticking packet info 'Registry minecraft:sound_event' to 'fml:handshake' sequence 4
[31Dec2025 02:09:28.330] [Netty Epoll Server IO #3/DEBUG] [net.minecraftforge.network.LoginWrapper/FMLHANDSHAKE]: Recieved login wrapper packet event for channel fml:handshake with index 3
[31Dec2025 02:09:28.330] [Netty Epoll Server IO #3/DEBUG] [net.minecraftforge.network.HandshakeHandler/FMLHANDSHAKE]: Received client indexed reply 3 of type net.minecraftforge.network.HandshakeMessages$C2SAcknowledge
[31Dec2025 02:09:28.330] [Netty Epoll Server IO #3/DEBUG] [net.minecraftforge.network.HandshakeHandler/FMLHANDSHAKE]: Received acknowledgement from client
[31Dec2025 02:09:28.364] [Server thread/DEBUG] [net.minecraftforge.network.HandshakeHandler/FMLHANDSHAKE]: Sending ticking packet info 'Registry minecraft:particle_type' to 'fml:handshake' sequence 5
[31Dec2025 02:09:28.414] [Server thread/DEBUG] [net.minecraftforge.network.HandshakeHandler/FMLHANDSHAKE]: Sending ticking packet info 'Registry minecraft:villager_profession' to 'fml:handshake' sequence 6
[31Dec2025 02:09:28.464] [Server thread/DEBUG] [net.minecraftforge.network.HandshakeHandler/FMLHANDSHAKE]: Sending ticking packet info 'Registry minecraft:item' to 'fml:handshake' sequence 7
[31Dec2025 02:09:28.514] [Server thread/DEBUG] [net.minecraftforge.network.HandshakeHandler/FMLHANDSHAKE]: Sending ticking packet info 'Registry minecraft:potion' to 'fml:handshake' sequence 8
[31Dec2025 02:09:28.529] [Netty Epoll Server IO #3/DEBUG] [net.minecraftforge.network.LoginWrapper/FMLHANDSHAKE]: Recieved login wrapper packet event for channel fml:handshake with index 4
[31Dec2025 02:09:28.529] [Netty Epoll Server IO #3/DEBUG] [net.minecraftforge.network.HandshakeHandler/FMLHANDSHAKE]: Received client indexed reply 4 of type net.minecraftforge.network.HandshakeMessages$C2SAcknowledge
[31Dec2025 02:09:28.529] [Netty Epoll Server IO #3/DEBUG] [net.minecraftforge.network.HandshakeHandler/FMLHANDSHAKE]: Received acknowledgement from client
[31Dec2025 02:09:28.529] [Netty Epoll Server IO #3/DEBUG] [net.minecraftforge.network.LoginWrapper/FMLHANDSHAKE]: Recieved login wrapper packet event for channel fml:handshake with index 5
[31Dec2025 02:09:28.530] [Netty Epoll Server IO #3/DEBUG] [net.minecraftforge.network.HandshakeHandler/FMLHANDSHAKE]: Received client indexed reply 5 of type net.minecraftforge.network.HandshakeMessages$C2SAcknowledge
[31Dec2025 02:09:28.530] [Netty Epoll Server IO #3/DEBUG] [net.minecraftforge.network.HandshakeHandler/FMLHANDSHAKE]: Received acknowledgement from client
[31Dec2025 02:09:28.530] [Netty Epoll Server IO #3/DEBUG] [net.minecraftforge.network.LoginWrapper/FMLHANDSHAKE]: Recieved login wrapper packet event for channel fml:handshake with index 6
[31Dec2025 02:09:28.530] [Netty Epoll Server IO #3/DEBUG] [net.minecraftforge.network.HandshakeHandler/FMLHANDSHAKE]: Received client indexed reply 6 of type net.minecraftforge.network.HandshakeMessages$C2SAcknowledge
[31Dec2025 02:09:28.530] [Netty Epoll Server IO #3/DEBUG] [net.minecraftforge.network.HandshakeHandler/FMLHANDSHAKE]: Received acknowledgement from client
[31Dec2025 02:09:28.564] [Server thread/DEBUG] [net.minecraftforge.network.HandshakeHandler/FMLHANDSHAKE]: Sending ticking packet info 'Registry minecraft:painting_variant' to 'fml:handshake' sequence 9
[31Dec2025 02:09:28.593] [Netty Epoll Server IO #3/DEBUG] [net.minecraftforge.network.LoginWrapper/FMLHANDSHAKE]: Recieved login wrapper packet event for channel fml:handshake with index 7
[31Dec2025 02:09:28.593] [Netty Epoll Server IO #3/DEBUG] [net.minecraftforge.network.HandshakeHandler/FMLHANDSHAKE]: Received client indexed reply 7 of type net.minecraftforge.network.HandshakeMessages$C2SAcknowledge
[31Dec2025 02:09:28.593] [Netty Epoll Server IO #3/DEBUG] [net.minecraftforge.network.HandshakeHandler/FMLHANDSHAKE]: Received acknowledgement from client
[31Dec2025 02:09:28.594] [Netty Epoll Server IO #3/DEBUG] [net.minecraftforge.network.LoginWrapper/FMLHANDSHAKE]: Recieved login wrapper packet event for channel fml:handshake with index 8
[31Dec2025 02:09:28.594] [Netty Epoll Server IO #3/DEBUG] [net.minecraftforge.network.HandshakeHandler/FMLHANDSHAKE]: Received client indexed reply 8 of type net.minecraftforge.network.HandshakeMessages$C2SAcknowledge
[31Dec2025 02:09:28.594] [Netty Epoll Server IO #3/DEBUG] [net.minecraftforge.network.HandshakeHandler/FMLHANDSHAKE]: Received acknowledgement from client
[31Dec2025 02:09:28.614] [Server thread/DEBUG] [net.minecraftforge.network.HandshakeHandler/FMLHANDSHAKE]: Sending ticking packet info 'Registry forge:fluid_type' to 'fml:handshake' sequence 10
[31Dec2025 02:09:28.631] [Netty Epoll Server IO #3/DEBUG] [net.minecraftforge.network.LoginWrapper/FMLHANDSHAKE]: Recieved login wrapper packet event for channel fml:handshake with index 9
[31Dec2025 02:09:28.631] [Netty Epoll Server IO #3/DEBUG] [net.minecraftforge.network.HandshakeHandler/FMLHANDSHAKE]: Received client indexed reply 9 of type net.minecraftforge.network.HandshakeMessages$C2SAcknowledge
[31Dec2025 02:09:28.631] [Netty Epoll Server IO #3/DEBUG] [net.minecraftforge.network.HandshakeHandler/FMLHANDSHAKE]: Received acknowledgement from client
[31Dec2025 02:09:28.664] [Server thread/DEBUG] [net.minecraftforge.network.HandshakeHandler/FMLHANDSHAKE]: Sending ticking packet info 'Registry minecraft:block_entity_type' to 'fml:handshake' sequence 11
[31Dec2025 02:09:28.680] [Netty Epoll Server IO #3/DEBUG] [net.minecraftforge.network.LoginWrapper/FMLHANDSHAKE]: Recieved login wrapper packet event for channel fml:handshake with index 10
[31Dec2025 02:09:28.680] [Netty Epoll Server IO #3/DEBUG] [net.minecraftforge.network.HandshakeHandler/FMLHANDSHAKE]: Received client indexed reply 10 of type net.minecraftforge.network.HandshakeMessages$C2SAcknowledge
[31Dec2025 02:09:28.680] [Netty Epoll Server IO #3/DEBUG] [net.minecraftforge.network.HandshakeHandler/FMLHANDSHAKE]: Received acknowledgement from client
[31Dec2025 02:09:28.714] [Server thread/DEBUG] [net.minecraftforge.network.HandshakeHandler/FMLHANDSHAKE]: Sending ticking packet info 'Registry forge:display_contexts' to 'fml:handshake' sequence 12
[31Dec2025 02:09:28.730] [Netty Epoll Server IO #3/DEBUG] [net.minecraftforge.network.LoginWrapper/FMLHANDSHAKE]: Recieved login wrapper packet event for channel fml:handshake with index 11
[31Dec2025 02:09:28.730] [Netty Epoll Server IO #3/DEBUG] [net.minecraftforge.network.HandshakeHandler/FMLHANDSHAKE]: Received client indexed reply 11 of type net.minecraftforge.network.HandshakeMessages$C2SAcknowledge
[31Dec2025 02:09:28.730] [Netty Epoll Server IO #3/DEBUG] [net.minecraftforge.network.HandshakeHandler/FMLHANDSHAKE]: Received acknowledgement from client
[31Dec2025 02:09:28.764] [Server thread/DEBUG] [net.minecraftforge.network.HandshakeHandler/FMLHANDSHAKE]: Sending ticking packet info 'Registry minecraft:block' to 'fml:handshake' sequence 13
[31Dec2025 02:09:28.780] [Netty Epoll Server IO #3/DEBUG] [net.minecraftforge.network.LoginWrapper/FMLHANDSHAKE]: Recieved login wrapper packet event for channel fml:handshake with index 12
[31Dec2025 02:09:28.780] [Netty Epoll Server IO #3/DEBUG] [net.minecraftforge.network.HandshakeHandler/FMLHANDSHAKE]: Received client indexed reply 12 of type net.minecraftforge.network.HandshakeMessages$C2SAcknowledge
[31Dec2025 02:09:28.780] [Netty Epoll Server IO #3/DEBUG] [net.minecraftforge.network.HandshakeHandler/FMLHANDSHAKE]: Received acknowledgement from client
[31Dec2025 02:09:28.814] [Server thread/DEBUG] [net.minecraftforge.network.HandshakeHandler/FMLHANDSHAKE]: Sending ticking packet info 'Registry forge:entity_data_serializers' to 'fml:handshake' sequence 14
[31Dec2025 02:09:28.832] [Netty Epoll Server IO #3/DEBUG] [net.minecraftforge.network.LoginWrapper/FMLHANDSHAKE]: Recieved login wrapper packet event for channel fml:handshake with index 13
[31Dec2025 02:09:28.832] [Netty Epoll Server IO #3/DEBUG] [net.minecraftforge.network.HandshakeHandler/FMLHANDSHAKE]: Received client indexed reply 13 of type net.minecraftforge.network.HandshakeMessages$C2SAcknowledge
[31Dec2025 02:09:28.832] [Netty Epoll Server IO #3/DEBUG] [net.minecraftforge.network.HandshakeHandler/FMLHANDSHAKE]: Received acknowledgement from client
[31Dec2025 02:09:28.864] [Server thread/DEBUG] [net.minecraftforge.network.HandshakeHandler/FMLHANDSHAKE]: Sending ticking packet info 'Registry minecraft:mob_effect' to 'fml:handshake' sequence 15
[31Dec2025 02:09:28.879] [Netty Epoll Server IO #3/DEBUG] [net.minecraftforge.network.LoginWrapper/FMLHANDSHAKE]: Recieved login wrapper packet event for channel fml:handshake with index 14
[31Dec2025 02:09:28.880] [Netty Epoll Server IO #3/DEBUG] [net.minecraftforge.network.HandshakeHandler/FMLHANDSHAKE]: Received client indexed reply 14 of type net.minecraftforge.network.HandshakeMessages$C2SAcknowledge
[31Dec2025 02:09:28.880] [Netty Epoll Server IO #3/DEBUG] [net.minecraftforge.network.HandshakeHandler/FMLHANDSHAKE]: Received acknowledgement from client
[31Dec2025 02:09:28.915] [Server thread/DEBUG] [net.minecraftforge.network.HandshakeHandler/FMLHANDSHAKE]: Sending ticking packet info 'Registry minecraft:stat_type' to 'fml:handshake' sequence 16
[31Dec2025 02:09:28.936] [Netty Epoll Server IO #3/DEBUG] [net.minecraftforge.network.LoginWrapper/FMLHANDSHAKE]: Recieved login wrapper packet event for channel fml:handshake with index 15
[31Dec2025 02:09:28.936] [Netty Epoll Server IO #3/DEBUG] [net.minecraftforge.network.HandshakeHandler/FMLHANDSHAKE]: Received client indexed reply 15 of type net.minecraftforge.network.HandshakeMessages$C2SAcknowledge
[31Dec2025 02:09:28.936] [Netty Epoll Server IO #3/DEBUG] [net.minecraftforge.network.HandshakeHandler/FMLHANDSHAKE]: Received acknowledgement from client
[31Dec2025 02:09:28.965] [Server thread/DEBUG] [net.minecraftforge.network.HandshakeHandler/FMLHANDSHAKE]: Sending ticking packet info 'Registry minecraft:menu' to 'fml:handshake' sequence 17
[31Dec2025 02:09:28.980] [Netty Epoll Server IO #3/DEBUG] [net.minecraftforge.network.LoginWrapper/FMLHANDSHAKE]: Recieved login wrapper packet event for channel fml:handshake with index 16
[31Dec2025 02:09:28.980] [Netty Epoll Server IO #3/DEBUG] [net.minecraftforge.network.HandshakeHandler/FMLHANDSHAKE]: Received client indexed reply 16 of type net.minecraftforge.network.HandshakeMessages$C2SAcknowledge
[31Dec2025 02:09:28.980] [Netty Epoll Server IO #3/DEBUG] [net.minecraftforge.network.HandshakeHandler/FMLHANDSHAKE]: Received acknowledgement from client
[31Dec2025 02:09:29.015] [Server thread/DEBUG] [net.minecraftforge.network.HandshakeHandler/FMLHANDSHAKE]: Sending ticking packet info 'Registry minecraft:enchantment' to 'fml:handshake' sequence 18
[31Dec2025 02:09:29.032] [Netty Epoll Server IO #3/DEBUG] [net.minecraftforge.network.LoginWrapper/FMLHANDSHAKE]: Recieved login wrapper packet event for channel fml:handshake with index 17
[31Dec2025 02:09:29.032] [Netty Epoll Server IO #3/DEBUG] [net.minecraftforge.network.HandshakeHandler/FMLHANDSHAKE]: Received client indexed reply 17 of type net.minecraftforge.network.HandshakeMessages$C2SAcknowledge
[31Dec2025 02:09:29.032] [Netty Epoll Server IO #3/DEBUG] [net.minecraftforge.network.HandshakeHandler/FMLHANDSHAKE]: Received acknowledgement from client
[31Dec2025 02:09:29.064] [Server thread/DEBUG] [net.minecraftforge.network.HandshakeHandler/FMLHANDSHAKE]: Sending ticking packet info 'Registry minecraft:fluid' to 'fml:handshake' sequence 19
[31Dec2025 02:09:29.081] [Netty Epoll Server IO #3/DEBUG] [net.minecraftforge.network.LoginWrapper/FMLHANDSHAKE]: Recieved login wrapper packet event for channel fml:handshake with index 18
[31Dec2025 02:09:29.081] [Netty Epoll Server IO #3/DEBUG] [net.minecraftforge.network.HandshakeHandler/FMLHANDSHAKE]: Received client indexed reply 18 of type net.minecraftforge.network.HandshakeMessages$C2SAcknowledge
[31Dec2025 02:09:29.081] [Netty Epoll Server IO #3/DEBUG] [net.minecraftforge.network.HandshakeHandler/FMLHANDSHAKE]: Received acknowledgement from client
[31Dec2025 02:09:29.114] [Server thread/DEBUG] [net.minecraftforge.network.HandshakeHandler/FMLHANDSHAKE]: Sending ticking packet info 'Registry minecraft:entity_type' to 'fml:handshake' sequence 20
[31Dec2025 02:09:29.130] [Netty Epoll Server IO #3/DEBUG] [net.minecraftforge.network.LoginWrapper/FMLHANDSHAKE]: Recieved login wrapper packet event for channel fml:handshake with index 19
[31Dec2025 02:09:29.130] [Netty Epoll Server IO #3/DEBUG] [net.minecraftforge.network.HandshakeHandler/FMLHANDSHAKE]: Received client indexed reply 19 of type net.minecraftforge.network.HandshakeMessages$C2SAcknowledge
[31Dec2025 02:09:29.130] [Netty Epoll Server IO #3/DEBUG] [net.minecraftforge.network.HandshakeHandler/FMLHANDSHAKE]: Received acknowledgement from client
[31Dec2025 02:09:29.164] [Server thread/DEBUG] [net.minecraftforge.network.HandshakeHandler/FMLHANDSHAKE]: Sending ticking packet info 'Config journeymap-server.toml' to 'fml:handshake' sequence 21
[31Dec2025 02:09:29.215] [Server thread/DEBUG] [net.minecraftforge.network.HandshakeHandler/FMLHANDSHAKE]: Sending ticking packet info 'Config curios-server.toml' to 'fml:handshake' sequence 22
[31Dec2025 02:09:29.264] [Server thread/DEBUG] [net.minecraftforge.network.HandshakeHandler/FMLHANDSHAKE]: Sending ticking packet info 'Config jei-server.toml' to 'fml:handshake' sequence 23
[31Dec2025 02:09:29.314] [Server thread/DEBUG] [net.minecraftforge.network.HandshakeHandler/FMLHANDSHAKE]: Sending ticking packet info 'Config forge-server.toml' to 'fml:handshake' sequence 24
[31Dec2025 02:09:29.414] [Netty Epoll Server IO #3/DEBUG] [net.minecraftforge.network.LoginWrapper/FMLHANDSHAKE]: Recieved login wrapper packet event for channel fml:handshake with index 20
[31Dec2025 02:09:29.414] [Netty Epoll Server IO #3/DEBUG] [net.minecraftforge.network.HandshakeHandler/FMLHANDSHAKE]: Received client indexed reply 20 of type net.minecraftforge.network.HandshakeMessages$C2SAcknowledge
[31Dec2025 02:09:29.414] [Netty Epoll Server IO #3/DEBUG] [net.minecraftforge.network.HandshakeHandler/FMLHANDSHAKE]: Received acknowledgement from client
[31Dec2025 02:09:29.416] [Netty Epoll Server IO #3/DEBUG] [net.minecraftforge.network.LoginWrapper/FMLHANDSHAKE]: Recieved login wrapper packet event for channel fml:handshake with index 21
[31Dec2025 02:09:29.417] [Netty Epoll Server IO #3/DEBUG] [net.minecraftforge.network.HandshakeHandler/FMLHANDSHAKE]: Received client indexed reply 21 of type net.minecraftforge.network.HandshakeMessages$C2SAcknowledge
[31Dec2025 02:09:29.417] [Netty Epoll Server IO #3/DEBUG] [net.minecraftforge.network.HandshakeHandler/FMLHANDSHAKE]: Received acknowledgement from client
[31Dec2025 02:09:29.419] [Netty Epoll Server IO #3/DEBUG] [net.minecraftforge.network.LoginWrapper/FMLHANDSHAKE]: Recieved login wrapper packet event for channel fml:handshake with index 22
[31Dec2025 02:09:29.419] [Netty Epoll Server IO #3/DEBUG] [net.minecraftforge.network.HandshakeHandler/FMLHANDSHAKE]: Received client indexed reply 22 of type net.minecraftforge.network.HandshakeMessages$C2SAcknowledge
[31Dec2025 02:09:29.419] [Netty Epoll Server IO #3/DEBUG] [net.minecraftforge.network.HandshakeHandler/FMLHANDSHAKE]: Received acknowledgement from client
[31Dec2025 02:09:29.420] [Netty Epoll Server IO #3/DEBUG] [net.minecraftforge.network.LoginWrapper/FMLHANDSHAKE]: Recieved login wrapper packet event for channel fml:handshake with index 23
[31Dec2025 02:09:29.420] [Netty Epoll Server IO #3/DEBUG] [net.minecraftforge.network.HandshakeHandler/FMLHANDSHAKE]: Received client indexed reply 23 of type net.minecraftforge.network.HandshakeMessages$C2SAcknowledge
[31Dec2025 02:09:29.420] [Netty Epoll Server IO #3/DEBUG] [net.minecraftforge.network.HandshakeHandler/FMLHANDSHAKE]: Received acknowledgement from client
[31Dec2025 02:09:29.421] [Netty Epoll Server IO #3/DEBUG] [net.minecraftforge.network.LoginWrapper/FMLHANDSHAKE]: Recieved login wrapper packet event for channel fml:handshake with index 24
[31Dec2025 02:09:29.421] [Netty Epoll Server IO #3/DEBUG] [net.minecraftforge.network.HandshakeHandler/FMLHANDSHAKE]: Received client indexed reply 24 of type net.minecraftforge.network.HandshakeMessages$C2SAcknowledge
[31Dec2025 02:09:29.421] [Netty Epoll Server IO #3/DEBUG] [net.minecraftforge.network.HandshakeHandler/FMLHANDSHAKE]: Received acknowledgement from client
[31Dec2025 02:09:29.464] [Server thread/DEBUG] [net.minecraftforge.network.HandshakeHandler/FMLHANDSHAKE]: Handshake complete!
[31Dec2025 02:09:29.549] [Server thread/INFO] [net.minecraft.server.players.PlayerList/]: Prod_42[/127.107.240.38:48669] logged in with entity id 390 at (4.5, 70.0, -7.5)
[31Dec2025 02:09:29.558] [Server thread/DEBUG] [net.minecraftforge.network.filters.NetworkFilters/]: Injected net.minecraftforge.network.filters.ForgeConnectionNetworkFilter@5f109d13 into net.minecraft.network.Connection@9b693d1
[31Dec2025 02:09:29.607] [Server thread/INFO] [net.minecraft.server.MinecraftServer/]: Prod_42 joined the game
[31Dec2025 02:09:29.903] [Server thread/DEBUG] [io.netty.util.internal.ThreadLocalRandom/]: -Dio.netty.initialSeedUniquifier: 0x021aefb77799ee11
[31Dec2025 02:09:36.472] [Netty Epoll Server IO #5/DEBUG] [net.minecraftforge.network.HandshakeHandler/FMLHANDSHAKE]: Starting new modded impl connection. Found 25 messages to dispatch.
[31Dec2025 02:09:36.777] [Server thread/DEBUG] [net.minecraftforge.network.HandshakeHandler/FMLHANDSHAKE]: Sending ticking packet info 'net.minecraftforge.network.HandshakeMessages$S2CModData' to 'fml:handshake' sequence 0
[31Dec2025 02:09:36.826] [Server thread/DEBUG] [net.minecraftforge.network.HandshakeHandler/FMLHANDSHAKE]: Sending ticking packet info 'net.minecraftforge.network.HandshakeMessages$S2CModList' to 'fml:handshake' sequence 1
[31Dec2025 02:09:36.879] [Server thread/DEBUG] [net.minecraftforge.network.HandshakeHandler/FMLHANDSHAKE]: Sending ticking packet info 'Registry minecraft:command_argument_type' to 'fml:handshake' sequence 2
[31Dec2025 02:09:36.922] [Server thread/DEBUG] [net.minecraftforge.network.HandshakeHandler/FMLHANDSHAKE]: Sending ticking packet info 'Registry minecraft:recipe_serializer' to 'fml:handshake' sequence 3
[31Dec2025 02:09:36.980] [Server thread/DEBUG] [net.minecraftforge.network.HandshakeHandler/FMLHANDSHAKE]: Sending ticking packet info 'Registry minecraft:sound_event' to 'fml:handshake' sequence 4
[31Dec2025 02:09:37.027] [Server thread/DEBUG] [net.minecraftforge.network.HandshakeHandler/FMLHANDSHAKE]: Sending ticking packet info 'Registry minecraft:particle_type' to 'fml:handshake' sequence 5
[31Dec2025 02:09:37.078] [Server thread/DEBUG] [net.minecraftforge.network.HandshakeHandler/FMLHANDSHAKE]: Sending ticking packet info 'Registry minecraft:villager_profession' to 'fml:handshake' sequence 6
[31Dec2025 02:09:37.104] [Netty Epoll Server IO #5/DEBUG] [net.minecraftforge.network.LoginWrapper/FMLHANDSHAKE]: Recieved login wrapper packet event for channel fml:handshake with index 1
[31Dec2025 02:09:37.104] [Netty Epoll Server IO #5/DEBUG] [net.minecraftforge.network.HandshakeHandler/FMLHANDSHAKE]: Received client indexed reply 1 of type net.minecraftforge.network.HandshakeMessages$C2SModListReply
[31Dec2025 02:09:37.104] [Netty Epoll Server IO #5/DEBUG] [net.minecraftforge.network.HandshakeHandler/FMLHANDSHAKE]: Received client connection with modlist [minecraft, farmersdelight, usefulbackpacks, skyvillages, betterwitchhuts, jei, goblintraders, curios, journeymap, citadel, alexsmobs, artifacts, yungsapi, mixinextras, betterstrongholds, uteamcore, mvs, architectury, lootr, terralith, framework, imst, betterfortresses, cloth_config, forge, expandability, bettermineshafts, tlskincape, embeddium, rubidium, oculus, betterjungletemples]
[31Dec2025 02:09:37.104] [Netty Epoll Server IO #5/DEBUG] [net.minecraftforge.network.NetworkRegistry/NETREGISTRY]: Channel 'architectury:network' : Version test of '1' from client : ACCEPTED
[31Dec2025 02:09:37.104] [Netty Epoll Server IO #5/DEBUG] [net.minecraftforge.network.NetworkRegistry/NETREGISTRY]: Channel 'jei:channel' : Version test of '1.0.0' from client : ACCEPTED
[31Dec2025 02:09:37.104] [Netty Epoll Server IO #5/DEBUG] [net.minecraftforge.network.NetworkRegistry/NETREGISTRY]: Channel 'minecraft:unregister' : Version test of 'FML3' from client : ACCEPTED
[31Dec2025 02:09:37.104] [Netty Epoll Server IO #5/DEBUG] [net.minecraftforge.network.NetworkRegistry/NETREGISTRY]: Channel 'citadel:main_channel' : Version test of '1' from client : ACCEPTED
[31Dec2025 02:09:37.104] [Netty Epoll Server IO #5/DEBUG] [net.minecraftforge.network.NetworkRegistry/NETREGISTRY]: Channel 'journeymap:version' : Version test of '1' from client : ACCEPTED
[31Dec2025 02:09:37.104] [Netty Epoll Server IO #5/DEBUG] [net.minecraftforge.network.NetworkRegistry/NETREGISTRY]: Channel 'framework:play' : Version test of '1' from client : ACCEPTED
[31Dec2025 02:09:37.104] [Netty Epoll Server IO #5/DEBUG] [net.minecraftforge.network.NetworkRegistry/NETREGISTRY]: Channel 'uteamcore:network_forge' : Version test of '1.20.1-1' from client : ACCEPTED
[31Dec2025 02:09:37.104] [Netty Epoll Server IO #5/DEBUG] [net.minecraftforge.network.NetworkRegistry/NETREGISTRY]: Channel 'curios:main' : Version test of '1' from client : ACCEPTED
[31Dec2025 02:09:37.105] [Netty Epoll Server IO #5/DEBUG] [net.minecraftforge.network.NetworkRegistry/NETREGISTRY]: Channel 'worldinfo:world_id' : Version test of '1' from client : ACCEPTED
[31Dec2025 02:09:37.105] [Netty Epoll Server IO #5/DEBUG] [net.minecraftforge.network.NetworkRegistry/NETREGISTRY]: Channel 'usefulbackpacks:slot_mod' : Version test of '0' from client : ACCEPTED
[31Dec2025 02:09:37.105] [Netty Epoll Server IO #5/DEBUG] [net.minecraftforge.network.NetworkRegistry/NETREGISTRY]: Channel 'journeymap:admin_req' : Version test of '1' from client : ACCEPTED
[31Dec2025 02:09:37.105] [Netty Epoll Server IO #5/DEBUG] [net.minecraftforge.network.NetworkRegistry/NETREGISTRY]: Channel 'journeymap:mp_options_req' : Version test of '1' from client : ACCEPTED
[31Dec2025 02:09:37.105] [Netty Epoll Server IO #5/DEBUG] [net.minecraftforge.network.NetworkRegistry/NETREGISTRY]: Channel 'journeymap:waypoint' : Version test of '1' from client : ACCEPTED
[31Dec2025 02:09:37.105] [Netty Epoll Server IO #5/DEBUG] [net.minecraftforge.network.NetworkRegistry/NETREGISTRY]: Channel 'framework:handshake' : Version test of '1' from client : ACCEPTED
[31Dec2025 02:09:37.105] [Netty Epoll Server IO #5/DEBUG] [net.minecraftforge.network.NetworkRegistry/NETREGISTRY]: Channel 'fml:loginwrapper' : Version test of 'FML3' from client : ACCEPTED
[31Dec2025 02:09:37.105] [Netty Epoll Server IO #5/DEBUG] [net.minecraftforge.network.NetworkRegistry/NETREGISTRY]: Channel 'forge:tier_sorting' : Version test of '1.0' from client : ACCEPTED
[31Dec2025 02:09:37.105] [Netty Epoll Server IO #5/DEBUG] [net.minecraftforge.network.NetworkRegistry/NETREGISTRY]: Channel 'alexsmobs:main_channel' : Version test of '1' from client : ACCEPTED
[31Dec2025 02:09:37.105] [Netty Epoll Server IO #5/DEBUG] [net.minecraftforge.network.NetworkRegistry/NETREGISTRY]: Channel 'fml:play' : Version test of 'FML3' from client : ACCEPTED
[31Dec2025 02:09:37.105] [Netty Epoll Server IO #5/DEBUG] [net.minecraftforge.network.NetworkRegistry/NETREGISTRY]: Channel 'journeymap:admin_save' : Version test of '1' from client : ACCEPTED
[31Dec2025 02:09:37.105] [Netty Epoll Server IO #5/DEBUG] [net.minecraftforge.network.NetworkRegistry/NETREGISTRY]: Channel 'journeymap:player_loc' : Version test of '1' from client : ACCEPTED
[31Dec2025 02:09:37.105] [Netty Epoll Server IO #5/DEBUG] [net.minecraftforge.network.NetworkRegistry/NETREGISTRY]: Channel 'journeymap:teleport_req' : Version test of '1' from client : ACCEPTED
[31Dec2025 02:09:37.105] [Netty Epoll Server IO #5/DEBUG] [net.minecraftforge.network.NetworkRegistry/NETREGISTRY]: Channel 'uteamcore:network' : Version test of '1.20.1-1' from client : ACCEPTED
[31Dec2025 02:09:37.105] [Netty Epoll Server IO #5/DEBUG] [net.minecraftforge.network.NetworkRegistry/NETREGISTRY]: Channel 'fml:handshake' : Version test of 'FML3' from client : ACCEPTED
[31Dec2025 02:09:37.105] [Netty Epoll Server IO #5/DEBUG] [net.minecraftforge.network.NetworkRegistry/NETREGISTRY]: Channel 'lootr:main_network_channel' : Version test of '2' from client : ACCEPTED
[31Dec2025 02:09:37.105] [Netty Epoll Server IO #5/DEBUG] [net.minecraftforge.network.NetworkRegistry/NETREGISTRY]: Channel 'journeymap:common' : Version test of '1' from client : ACCEPTED
[31Dec2025 02:09:37.105] [Netty Epoll Server IO #5/DEBUG] [net.minecraftforge.network.NetworkRegistry/NETREGISTRY]: Channel 'minecraft:register' : Version test of 'FML3' from client : ACCEPTED
[31Dec2025 02:09:37.105] [Netty Epoll Server IO #5/DEBUG] [net.minecraftforge.network.NetworkRegistry/NETREGISTRY]: Channel 'forge:split' : Version test of '1.1' from client : ACCEPTED
[31Dec2025 02:09:37.105] [Netty Epoll Server IO #5/DEBUG] [net.minecraftforge.network.NetworkRegistry/NETREGISTRY]: Channel 'journeymap:perm_req' : Version test of '1' from client : ACCEPTED
[31Dec2025 02:09:37.105] [Netty Epoll Server IO #5/DEBUG] [net.minecraftforge.network.NetworkRegistry/NETREGISTRY]: Accepting channel list from client
[31Dec2025 02:09:37.105] [Netty Epoll Server IO #5/DEBUG] [net.minecraftforge.network.HandshakeHandler/FMLHANDSHAKE]: Accepted client connection mod list
[31Dec2025 02:09:37.123] [Server thread/DEBUG] [net.minecraftforge.network.HandshakeHandler/FMLHANDSHAKE]: Sending ticking packet info 'Registry minecraft:item' to 'fml:handshake' sequence 7
[31Dec2025 02:09:37.158] [Netty Epoll Server IO #5/DEBUG] [net.minecraftforge.network.LoginWrapper/FMLHANDSHAKE]: Recieved login wrapper packet event for channel fml:handshake with index 2
[31Dec2025 02:09:37.159] [Netty Epoll Server IO #5/DEBUG] [net.minecraftforge.network.HandshakeHandler/FMLHANDSHAKE]: Received client indexed reply 2 of type net.minecraftforge.network.HandshakeMessages$C2SAcknowledge
[31Dec2025 02:09:37.159] [Netty Epoll Server IO #5/DEBUG] [net.minecraftforge.network.HandshakeHandler/FMLHANDSHAKE]: Received acknowledgement from client
[31Dec2025 02:09:37.177] [Server thread/DEBUG] [net.minecraftforge.network.HandshakeHandler/FMLHANDSHAKE]: Sending ticking packet info 'Registry minecraft:potion' to 'fml:handshake' sequence 8
[31Dec2025 02:09:37.196] [Netty Epoll Server IO #5/DEBUG] [net.minecraftforge.network.LoginWrapper/FMLHANDSHAKE]: Recieved login wrapper packet event for channel fml:handshake with index 3
[31Dec2025 02:09:37.196] [Netty Epoll Server IO #5/DEBUG] [net.minecraftforge.network.HandshakeHandler/FMLHANDSHAKE]: Received client indexed reply 3 of type net.minecraftforge.network.HandshakeMessages$C2SAcknowledge
[31Dec2025 02:09:37.196] [Netty Epoll Server IO #5/DEBUG] [net.minecraftforge.network.HandshakeHandler/FMLHANDSHAKE]: Received acknowledgement from client
[31Dec2025 02:09:37.223] [Server thread/DEBUG] [net.minecraftforge.network.HandshakeHandler/FMLHANDSHAKE]: Sending ticking packet info 'Registry minecraft:painting_variant' to 'fml:handshake' sequence 9
[31Dec2025 02:09:37.277] [Server thread/DEBUG] [net.minecraftforge.network.HandshakeHandler/FMLHANDSHAKE]: Sending ticking packet info 'Registry forge:fluid_type' to 'fml:handshake' sequence 10
[31Dec2025 02:09:37.325] [Server thread/DEBUG] [net.minecraftforge.network.HandshakeHandler/FMLHANDSHAKE]: Sending ticking packet info 'Registry minecraft:block_entity_type' to 'fml:handshake' sequence 11
[31Dec2025 02:09:37.378] [Server thread/DEBUG] [net.minecraftforge.network.HandshakeHandler/FMLHANDSHAKE]: Sending ticking packet info 'Registry forge:display_contexts' to 'fml:handshake' sequence 12
[31Dec2025 02:09:37.426] [Server thread/DEBUG] [net.minecraftforge.network.HandshakeHandler/FMLHANDSHAKE]: Sending ticking packet info 'Registry minecraft:block' to 'fml:handshake' sequence 13
[31Dec2025 02:09:37.494] [Server thread/DEBUG] [net.minecraftforge.network.HandshakeHandler/FMLHANDSHAKE]: Sending ticking packet info 'Registry forge:entity_data_serializers' to 'fml:handshake' sequence 14
[31Dec2025 02:09:37.543] [Server thread/DEBUG] [net.minecraftforge.network.HandshakeHandler/FMLHANDSHAKE]: Sending ticking packet info 'Registry minecraft:mob_effect' to 'fml:handshake' sequence 15
[31Dec2025 02:09:37.593] [Server thread/DEBUG] [net.minecraftforge.network.HandshakeHandler/FMLHANDSHAKE]: Sending ticking packet info 'Registry minecraft:stat_type' to 'fml:handshake' sequence 16
[31Dec2025 02:09:37.628] [Server thread/DEBUG] [net.minecraftforge.network.HandshakeHandler/FMLHANDSHAKE]: Sending ticking packet info 'Registry minecraft:menu' to 'fml:handshake' sequence 17
[31Dec2025 02:09:37.687] [Server thread/DEBUG] [net.minecraftforge.network.HandshakeHandler/FMLHANDSHAKE]: Sending ticking packet info 'Registry minecraft:enchantment' to 'fml:handshake' sequence 18
[31Dec2025 02:09:37.723] [Worker-Main-3/DEBUG] [mixin/]: Mixing world.WorldGenRegionAccessor from mvs-common.mixins.json into net.minecraft.server.level.WorldGenRegion
[31Dec2025 02:09:37.723] [Worker-Main-3/DEBUG] [mixin/]: Mixing accessor.WorldGenRegionAccessor from betterfortresses.mixins.json into net.minecraft.server.level.WorldGenRegion
[31Dec2025 02:09:37.724] [Worker-Main-3/DEBUG] [mixin/]: Mixing accessor.WorldGenRegionAccessor from betterjungletemples.mixins.json into net.minecraft.server.level.WorldGenRegion
[31Dec2025 02:09:37.725] [Worker-Main-3/DEBUG] [mixin/]: Unexpected: Registered method getSize()I in net.minecraft.server.level.WorldGenRegion was not merged
[31Dec2025 02:09:37.725] [Worker-Main-3/DEBUG] [mixin/]: Unexpected: Registered method getLastPos()Lnet/minecraft/world/level/ChunkPos; in net.minecraft.server.level.WorldGenRegion was not merged
[31Dec2025 02:09:37.725] [Worker-Main-3/DEBUG] [mixin/]: Unexpected: Registered method getFirstPos()Lnet/minecraft/world/level/ChunkPos; in net.minecraft.server.level.WorldGenRegion was not merged
[31Dec2025 02:09:37.725] [Worker-Main-3/DEBUG] [mixin/]: Unexpected: Registered method getCache()Ljava/util/List; in net.minecraft.server.level.WorldGenRegion was not merged
[31Dec2025 02:09:37.725] [Worker-Main-3/DEBUG] [mixin/]: Unexpected: Registered method getStructureManager()Lnet/minecraft/world/level/StructureManager; in net.minecraft.server.level.WorldGenRegion was not merged
[31Dec2025 02:09:37.725] [Worker-Main-3/DEBUG] [mixin/]: Unexpected: Registered method getStructureManager()Lnet/minecraft/world/level/StructureManager; in net.minecraft.server.level.WorldGenRegion was not merged
[31Dec2025 02:09:37.736] [Server thread/DEBUG] [net.minecraftforge.network.HandshakeHandler/FMLHANDSHAKE]: Sending ticking packet info 'Registry minecraft:fluid' to 'fml:handshake' sequence 19
[31Dec2025 02:09:37.798] [Server thread/DEBUG] [net.minecraftforge.network.HandshakeHandler/FMLHANDSHAKE]: Sending ticking packet info 'Registry minecraft:entity_type' to 'fml:handshake' sequence 20
[31Dec2025 02:09:37.805] [Netty Epoll Server IO #5/DEBUG] [net.minecraftforge.network.LoginWrapper/FMLHANDSHAKE]: Recieved login wrapper packet event for channel fml:handshake with index 4
[31Dec2025 02:09:37.805] [Netty Epoll Server IO #5/DEBUG] [net.minecraftforge.network.HandshakeHandler/FMLHANDSHAKE]: Received client indexed reply 4 of type net.minecraftforge.network.HandshakeMessages$C2SAcknowledge
[31Dec2025 02:09:37.805] [Netty Epoll Server IO #5/DEBUG] [net.minecraftforge.network.HandshakeHandler/FMLHANDSHAKE]: Received acknowledgement from client
[31Dec2025 02:09:37.807] [Netty Epoll Server IO #5/DEBUG] [net.minecraftforge.network.LoginWrapper/FMLHANDSHAKE]: Recieved login wrapper packet event for channel fml:handshake with index 5
[31Dec2025 02:09:37.807] [Netty Epoll Server IO #5/DEBUG] [net.minecraftforge.network.HandshakeHandler/FMLHANDSHAKE]: Received client indexed reply 5 of type net.minecraftforge.network.HandshakeMessages$C2SAcknowledge
[31Dec2025 02:09:37.808] [Netty Epoll Server IO #5/DEBUG] [net.minecraftforge.network.HandshakeHandler/FMLHANDSHAKE]: Received acknowledgement from client
[31Dec2025 02:09:37.808] [Netty Epoll Server IO #5/DEBUG] [net.minecraftforge.network.LoginWrapper/FMLHANDSHAKE]: Recieved login wrapper packet event for channel fml:handshake with index 6
[31Dec2025 02:09:37.808] [Netty Epoll Server IO #5/DEBUG] [net.minecraftforge.network.HandshakeHandler/FMLHANDSHAKE]: Received client indexed reply 6 of type net.minecraftforge.network.HandshakeMessages$C2SAcknowledge
[31Dec2025 02:09:37.808] [Netty Epoll Server IO #5/DEBUG] [net.minecraftforge.network.HandshakeHandler/FMLHANDSHAKE]: Received acknowledgement from client
[31Dec2025 02:09:37.834] [Server thread/DEBUG] [net.minecraftforge.network.HandshakeHandler/FMLHANDSHAKE]: Sending ticking packet info 'Config journeymap-server.toml' to 'fml:handshake' sequence 21
[31Dec2025 02:09:37.879] [Server thread/DEBUG] [net.minecraftforge.network.HandshakeHandler/FMLHANDSHAKE]: Sending ticking packet info 'Config curios-server.toml' to 'fml:handshake' sequence 22
[31Dec2025 02:09:37.932] [Server thread/DEBUG] [net.minecraftforge.network.HandshakeHandler/FMLHANDSHAKE]: Sending ticking packet info 'Config jei-server.toml' to 'fml:handshake' sequence 23
[31Dec2025 02:09:37.950] [Worker-Main-2/DEBUG] [mixin/]: Mixing BeardifierMixin from yungsapi.mixins.json into net.minecraft.world.level.levelgen.Beardifier
[31Dec2025 02:09:37.953] [Worker-Main-2/DEBUG] [mixin/]: Mixing accessor.BeardifierAccessor from yungsapi.mixins.json into net.minecraft.world.level.levelgen.Beardifier
[31Dec2025 02:09:37.982] [Netty Epoll Server IO #5/DEBUG] [net.minecraftforge.network.LoginWrapper/FMLHANDSHAKE]: Recieved login wrapper packet event for channel fml:handshake with index 7
[31Dec2025 02:09:37.983] [Netty Epoll Server IO #5/DEBUG] [net.minecraftforge.network.HandshakeHandler/FMLHANDSHAKE]: Received client indexed reply 7 of type net.minecraftforge.network.HandshakeMessages$C2SAcknowledge
[31Dec2025 02:09:37.983] [Netty Epoll Server IO #5/DEBUG] [net.minecraftforge.network.HandshakeHandler/FMLHANDSHAKE]: Received acknowledgement from client
[31Dec2025 02:09:37.989] [Server thread/DEBUG] [net.minecraftforge.network.HandshakeHandler/FMLHANDSHAKE]: Sending ticking packet info 'Config forge-server.toml' to 'fml:handshake' sequence 24
[31Dec2025 02:09:38.013] [Netty Epoll Server IO #5/DEBUG] [net.minecraftforge.network.LoginWrapper/FMLHANDSHAKE]: Recieved login wrapper packet event for channel fml:handshake with index 8
[31Dec2025 02:09:38.014] [Netty Epoll Server IO #5/DEBUG] [net.minecraftforge.network.HandshakeHandler/FMLHANDSHAKE]: Received client indexed reply 8 of type net.minecraftforge.network.HandshakeMessages$C2SAcknowledge
[31Dec2025 02:09:38.015] [Netty Epoll Server IO #5/DEBUG] [net.minecraftforge.network.HandshakeHandler/FMLHANDSHAKE]: Received acknowledgement from client
[31Dec2025 02:09:38.015] [Netty Epoll Server IO #5/DEBUG] [net.minecraftforge.network.LoginWrapper/FMLHANDSHAKE]: Recieved login wrapper packet event for channel fml:handshake with index 9
[31Dec2025 02:09:38.015] [Netty Epoll Server IO #5/DEBUG] [net.minecraftforge.network.HandshakeHandler/FMLHANDSHAKE]: Received client indexed reply 9 of type net.minecraftforge.network.HandshakeMessages$C2SAcknowledge
[31Dec2025 02:09:38.015] [Netty Epoll Server IO #5/DEBUG] [net.minecraftforge.network.HandshakeHandler/FMLHANDSHAKE]: Received acknowledgement from client
[31Dec2025 02:09:38.015] [Netty Epoll Server IO #5/DEBUG] [net.minecraftforge.network.LoginWrapper/FMLHANDSHAKE]: Recieved login wrapper packet event for channel fml:handshake with index 10
[31Dec2025 02:09:38.016] [Netty Epoll Server IO #5/DEBUG] [net.minecraftforge.network.HandshakeHandler/FMLHANDSHAKE]: Received client indexed reply 10 of type net.minecraftforge.network.HandshakeMessages$C2SAcknowledge
[31Dec2025 02:09:38.016] [Netty Epoll Server IO #5/DEBUG] [net.minecraftforge.network.HandshakeHandler/FMLHANDSHAKE]: Received acknowledgement from client
[31Dec2025 02:09:38.016] [Netty Epoll Server IO #5/DEBUG] [net.minecraftforge.network.LoginWrapper/FMLHANDSHAKE]: Recieved login wrapper packet event for channel fml:handshake with index 11
[31Dec2025 02:09:38.016] [Netty Epoll Server IO #5/DEBUG] [net.minecraftforge.network.HandshakeHandler/FMLHANDSHAKE]: Received client indexed reply 11 of type net.minecraftforge.network.HandshakeMessages$C2SAcknowledge
[31Dec2025 02:09:38.016] [Netty Epoll Server IO #5/DEBUG] [net.minecraftforge.network.HandshakeHandler/FMLHANDSHAKE]: Received acknowledgement from client
[31Dec2025 02:09:38.016] [Netty Epoll Server IO #5/DEBUG] [net.minecraftforge.network.LoginWrapper/FMLHANDSHAKE]: Recieved login wrapper packet event for channel fml:handshake with index 12
[31Dec2025 02:09:38.016] [Netty Epoll Server IO #5/DEBUG] [net.minecraftforge.network.HandshakeHandler/FMLHANDSHAKE]: Received client indexed reply 12 of type net.minecraftforge.network.HandshakeMessages$C2SAcknowledge
[31Dec2025 02:09:38.016] [Netty Epoll Server IO #5/DEBUG] [net.minecraftforge.network.HandshakeHandler/FMLHANDSHAKE]: Received acknowledgement from client
[31Dec2025 02:09:38.077] [Netty Epoll Server IO #5/DEBUG] [net.minecraftforge.network.LoginWrapper/FMLHANDSHAKE]: Recieved login wrapper packet event for channel fml:handshake with index 13
[31Dec2025 02:09:38.077] [Netty Epoll Server IO #5/DEBUG] [net.minecraftforge.network.HandshakeHandler/FMLHANDSHAKE]: Received client indexed reply 13 of type net.minecraftforge.network.HandshakeMessages$C2SAcknowledge
[31Dec2025 02:09:38.077] [Netty Epoll Server IO #5/DEBUG] [net.minecraftforge.network.HandshakeHandler/FMLHANDSHAKE]: Received acknowledgement from client
[31Dec2025 02:09:38.077] [Netty Epoll Server IO #5/DEBUG] [net.minecraftforge.network.LoginWrapper/FMLHANDSHAKE]: Recieved login wrapper packet event for channel fml:handshake with index 14
[31Dec2025 02:09:38.077] [Netty Epoll Server IO #5/DEBUG] [net.minecraftforge.network.HandshakeHandler/FMLHANDSHAKE]: Received client indexed reply 14 of type net.minecraftforge.network.HandshakeMessages$C2SAcknowledge
[31Dec2025 02:09:38.077] [Netty Epoll Server IO #5/DEBUG] [net.minecraftforge.network.HandshakeHandler/FMLHANDSHAKE]: Received acknowledgement from client
[31Dec2025 02:09:38.079] [Netty Epoll Server IO #5/DEBUG] [net.minecraftforge.network.LoginWrapper/FMLHANDSHAKE]: Recieved login wrapper packet event for channel fml:handshake with index 15
[31Dec2025 02:09:38.079] [Netty Epoll Server IO #5/DEBUG] [net.minecraftforge.network.HandshakeHandler/FMLHANDSHAKE]: Received client indexed reply 15 of type net.minecraftforge.network.HandshakeMessages$C2SAcknowledge
[31Dec2025 02:09:38.079] [Netty Epoll Server IO #5/DEBUG] [net.minecraftforge.network.HandshakeHandler/FMLHANDSHAKE]: Received acknowledgement from client
[31Dec2025 02:09:38.080] [Netty Epoll Server IO #5/DEBUG] [net.minecraftforge.network.LoginWrapper/FMLHANDSHAKE]: Recieved login wrapper packet event for channel fml:handshake with index 16
[31Dec2025 02:09:38.081] [Netty Epoll Server IO #5/DEBUG] [net.minecraftforge.network.HandshakeHandler/FMLHANDSHAKE]: Received client indexed reply 16 of type net.minecraftforge.network.HandshakeMessages$C2SAcknowledge
[31Dec2025 02:09:38.081] [Netty Epoll Server IO #5/DEBUG] [net.minecraftforge.network.HandshakeHandler/FMLHANDSHAKE]: Received acknowledgement from client
[31Dec2025 02:09:38.082] [Netty Epoll Server IO #5/DEBUG] [net.minecraftforge.network.LoginWrapper/FMLHANDSHAKE]: Recieved login wrapper packet event for channel fml:handshake with index 17
[31Dec2025 02:09:38.082] [Netty Epoll Server IO #5/DEBUG] [net.minecraftforge.network.HandshakeHandler/FMLHANDSHAKE]: Received client indexed reply 17 of type net.minecraftforge.network.HandshakeMessages$C2SAcknowledge
[31Dec2025 02:09:38.082] [Netty Epoll Server IO #5/DEBUG] [net.minecraftforge.network.HandshakeHandler/FMLHANDSHAKE]: Received acknowledgement from client
[31Dec2025 02:09:38.083] [Netty Epoll Server IO #5/DEBUG] [net.minecraftforge.network.LoginWrapper/FMLHANDSHAKE]: Recieved login wrapper packet event for channel fml:handshake with index 18
[31Dec2025 02:09:38.083] [Netty Epoll Server IO #5/DEBUG] [net.minecraftforge.network.HandshakeHandler/FMLHANDSHAKE]: Received client indexed reply 18 of type net.minecraftforge.network.HandshakeMessages$C2SAcknowledge
[31Dec2025 02:09:38.083] [Netty Epoll Server IO #5/DEBUG] [net.minecraftforge.network.HandshakeHandler/FMLHANDSHAKE]: Received acknowledgement from client
[31Dec2025 02:09:38.084] [Netty Epoll Server IO #5/DEBUG] [net.minecraftforge.network.LoginWrapper/FMLHANDSHAKE]: Recieved login wrapper packet event for channel fml:handshake with index 19
[31Dec2025 02:09:38.085] [Netty Epoll Server IO #5/DEBUG] [net.minecraftforge.network.HandshakeHandler/FMLHANDSHAKE]: Received client indexed reply 19 of type net.minecraftforge.network.HandshakeMessages$C2SAcknowledge
[31Dec2025 02:09:38.085] [Netty Epoll Server IO #5/DEBUG] [net.minecraftforge.network.HandshakeHandler/FMLHANDSHAKE]: Received acknowledgement from client
[31Dec2025 02:09:38.239] [Worker-Main-2/INFO] [citadel/]: vanilla surface rule behavior unchanged
[31Dec2025 02:09:38.507] [Netty Epoll Server IO #5/DEBUG] [net.minecraftforge.network.LoginWrapper/FMLHANDSHAKE]: Recieved login wrapper packet event for channel fml:handshake with index 20
[31Dec2025 02:09:38.508] [Netty Epoll Server IO #5/DEBUG] [net.minecraftforge.network.HandshakeHandler/FMLHANDSHAKE]: Received client indexed reply 20 of type net.minecraftforge.network.HandshakeMessages$C2SAcknowledge
[31Dec2025 02:09:38.508] [Netty Epoll Server IO #5/DEBUG] [net.minecraftforge.network.HandshakeHandler/FMLHANDSHAKE]: Received acknowledgement from client
[31Dec2025 02:09:38.511] [Netty Epoll Server IO #5/DEBUG] [net.minecraftforge.network.LoginWrapper/FMLHANDSHAKE]: Recieved login wrapper packet event for channel fml:handshake with index 21
[31Dec2025 02:09:38.511] [Netty Epoll Server IO #5/DEBUG] [net.minecraftforge.network.HandshakeHandler/FMLHANDSHAKE]: Received client indexed reply 21 of type net.minecraftforge.network.HandshakeMessages$C2SAcknowledge
[31Dec2025 02:09:38.511] [Netty Epoll Server IO #5/DEBUG] [net.minecraftforge.network.HandshakeHandler/FMLHANDSHAKE]: Received acknowledgement from client
[31Dec2025 02:09:38.511] [Netty Epoll Server IO #5/DEBUG] [net.minecraftforge.network.LoginWrapper/FMLHANDSHAKE]: Recieved login wrapper packet event for channel fml:handshake with index 22
[31Dec2025 02:09:38.511] [Netty Epoll Server IO #5/DEBUG] [net.minecraftforge.network.HandshakeHandler/FMLHANDSHAKE]: Received client indexed reply 22 of type net.minecraftforge.network.HandshakeMessages$C2SAcknowledge
[31Dec2025 02:09:38.511] [Netty Epoll Server IO #5/DEBUG] [net.minecraftforge.network.HandshakeHandler/FMLHANDSHAKE]: Received acknowledgement from client
[31Dec2025 02:09:38.511] [Netty Epoll Server IO #5/DEBUG] [net.minecraftforge.network.LoginWrapper/FMLHANDSHAKE]: Recieved login wrapper packet event for channel fml:handshake with index 23
[31Dec2025 02:09:38.512] [Netty Epoll Server IO #5/DEBUG] [net.minecraftforge.network.HandshakeHandler/FMLHANDSHAKE]: Received client indexed reply 23 of type net.minecraftforge.network.HandshakeMessages$C2SAcknowledge
[31Dec2025 02:09:38.512] [Netty Epoll Server IO #5/DEBUG] [net.minecraftforge.network.HandshakeHandler/FMLHANDSHAKE]: Received acknowledgement from client
[31Dec2025 02:09:38.512] [Netty Epoll Server IO #5/DEBUG] [net.minecraftforge.network.LoginWrapper/FMLHANDSHAKE]: Recieved login wrapper packet event for channel fml:handshake with index 24
[31Dec2025 02:09:38.512] [Netty Epoll Server IO #5/DEBUG] [net.minecraftforge.network.HandshakeHandler/FMLHANDSHAKE]: Received client indexed reply 24 of type net.minecraftforge.network.HandshakeMessages$C2SAcknowledge
[31Dec2025 02:09:38.512] [Netty Epoll Server IO #5/DEBUG] [net.minecraftforge.network.HandshakeHandler/FMLHANDSHAKE]: Received acknowledgement from client
[31Dec2025 02:09:38.529] [Server thread/DEBUG] [net.minecraftforge.network.HandshakeHandler/FMLHANDSHAKE]: Handshake complete!
[31Dec2025 02:09:38.604] [Server thread/INFO] [net.minecraft.server.players.PlayerList/]: cat54gamer[/127.129.38.60:54447] logged in with entity id 505 at (36.68898345136983, 92.0, -78.15455901419199)
[31Dec2025 02:09:38.605] [Server thread/DEBUG] [net.minecraftforge.network.filters.NetworkFilters/]: Injected net.minecraftforge.network.filters.ForgeConnectionNetworkFilter@3a6b05c6 into net.minecraft.network.Connection@4f463ecc
[31Dec2025 02:09:38.657] [Server thread/INFO] [net.minecraft.server.MinecraftServer/]: cat54gamer joined the game
[31Dec2025 02:09:56.870] [Server thread/INFO] [net.minecraft.server.MinecraftServer/]: [cat54gamer: Set the time to 1000]
[31Dec2025 02:09:57.110] [Server thread/DEBUG] [mixin/]: Mixing swimming.FallLocationMixin from expandability-common.mixins.json into net.minecraft.world.damagesource.FallLocation
[31Dec2025 02:11:13.975] [Server thread/DEBUG] [info.u_team.u_team_core.UCoreReference/]: Loaded service info.u_team.useful_backpacks.integration.curios.impl.CuriosBackpackSlotModUtil@32d79d67 for class class info.u_team.useful_backpacks.integration.slot_mod.util.BackpackSlotModUtil
[31Dec2025 02:11:38.395] [Server thread/INFO] [net.minecraft.server.MinecraftServer/]: Prod_42 has made the advancement ['X' Marks the Spot]
[31Dec2025 02:11:38.404] [Server thread/DEBUG] [mixin/]: Mixing MixinPiglinAi from curios.mixins.json into net.minecraft.world.entity.monster.piglin.PiglinAi
[31Dec2025 02:11:38.533] [Server thread/INFO] [net.minecraft.server.MinecraftServer/]: cat54gamer has made the advancement ['X' Marks the Spot]
[31Dec2025 02:12:00.776] [Server thread/INFO] [net.minecraft.server.MinecraftServer/]: cat54gamer has made the advancement [Monster Hunter]
[31Dec2025 02:12:13.102] [Server thread/INFO] [net.minecraft.server.MinecraftServer/]: cat54gamer has made the advancement [Acquire Hardware]
[31Dec2025 02:12:16.580] [Server thread/INFO] [net.minecraft.server.MinecraftServer/]: cat54gamer has made the advancement [Alex's Mobs]
[31Dec2025 02:13:40.512] [Server thread/DEBUG] [net.minecraftforge.common.ForgeHooks/WP]: Gathering id map for writing to world save world
[31Dec2025 02:13:40.522] [Server thread/DEBUG] [net.minecraftforge.common.ForgeHooks/WP]: ID Map collection complete world
[31Dec2025 02:14:40.628] [Server thread/INFO] [net.minecraft.server.MinecraftServer/]: cat54gamer has made the advancement [Barrel Booty]
[31Dec2025 02:15:02.277] [Server thread/INFO] [net.minecraft.server.MinecraftServer/]: Prod_42 tried to swim in lava
[31Dec2025 02:15:08.333] [Server thread/WARN] [net.minecraft.server.level.ServerPlayerGameMode/]: Mismatch in destroy block pos: BlockPos{x=0, y=0, z=0} BlockPos{x=-4, y=66, z=12}
[31Dec2025 02:15:23.289] [Server thread/WARN] [net.minecraft.server.level.ServerPlayerGameMode/]: Mismatch in destroy block pos: BlockPos{x=0, y=0, z=0} BlockPos{x=-4, y=66, z=12}
[31Dec2025 02:15:24.076] [Server thread/INFO] [net.minecraft.server.MinecraftServer/]: cat54gamer has made the advancement [Stone Age]
[31Dec2025 02:15:24.391] [Server thread/WARN] [net.minecraft.server.level.ServerPlayerGameMode/]: Mismatch in destroy block pos: BlockPos{x=0, y=0, z=0} BlockPos{x=1, y=67, z=6}
[31Dec2025 02:15:24.487] [Server thread/WARN] [net.minecraft.server.level.ServerPlayerGameMode/]: Mismatch in destroy block pos: BlockPos{x=0, y=0, z=0} BlockPos{x=1, y=66, z=6}
[31Dec2025 02:15:28.711] [Server thread/INFO] [net.minecraft.server.MinecraftServer/]: [cat54gamer: Made Prod_42 a server operator]
[31Dec2025 02:15:41.061] [Server thread/INFO] [net.minecraft.server.MinecraftServer/]: cat54gamer has made the advancement [Isn't It Iron Pick]
[31Dec2025 02:15:56.029] [Server thread/INFO] [net.minecraft.server.MinecraftServer/]: cat54gamer has made the advancement [Diamonds!]
[31Dec2025 02:16:10.528] [Server thread/INFO] [net.minecraft.server.MinecraftServer/]: [cat54gamer: Teleported cat54gamer to Prod_42]
[31Dec2025 02:16:49.551] [Server thread/INFO] [net.minecraft.server.MinecraftServer/]: cat54gamer has made the advancement [Best Friends Forever]
[31Dec2025 02:17:52.406] [Server thread/INFO] [net.minecraft.server.MinecraftServer/]: cat54gamer has made the advancement [Disme A Dozen]
[31Dec2025 02:18:00.738] [Server thread/INFO] [net.minecraft.server.MinecraftServer/]: Prod_42 has made the advancement [Barrel Booty]
[31Dec2025 02:18:40.518] [Server thread/DEBUG] [net.minecraftforge.common.ForgeHooks/WP]: Gathering id map for writing to world save world
[31Dec2025 02:18:40.528] [Server thread/DEBUG] [net.minecraftforge.common.ForgeHooks/WP]: ID Map collection complete world
[31Dec2025 02:19:16.406] [Server thread/INFO] [net.minecraft.server.MinecraftServer/]: Prod_42 was killed by Witch using magic
[31Dec2025 02:19:27.585] [Server thread/INFO] [net.minecraft.server.MinecraftServer/]: [Prod_42: Teleported Prod_42 to cat54gamer]
[31Dec2025 02:20:17.541] [Server thread/INFO] [net.minecraft.server.MinecraftServer/]: Prod_42 was shot by Skeleton
[31Dec2025 02:20:42.386] [Server thread/INFO] [net.minecraft.server.MinecraftServer/]: Prod_42 has made the advancement [Pic-A-Nic Basket?]
[31Dec2025 02:21:25.529] [Server thread/INFO] [net.minecraft.server.MinecraftServer/]: Prod_42 drowned
[31Dec2025 02:22:49.019] [Server thread/INFO] [net.minecraft.server.MinecraftServer/]: Prod_42 fell from a high place
[31Dec2025 02:23:10.510] [Server thread/ERROR] [noobanidus.mods.lootr.api.LootrAPI/]: There are over 100 entries in the conversion list without aggressive mode enabled. This may cause TPS issues. If TPS issues persist after first launch, consider enabling aggressive mode in the configuration.
[31Dec2025 02:23:40.501] [Server thread/DEBUG] [net.minecraftforge.common.ForgeHooks/WP]: Gathering id map for writing to world save world
[31Dec2025 02:23:40.507] [Server thread/DEBUG] [net.minecraftforge.common.ForgeHooks/WP]: ID Map collection complete world
[31Dec2025 02:24:39.396] [Server thread/INFO] [net.minecraft.server.MinecraftServer/]: [Not Secure] <Prod_42> \modo diosito
[31Dec2025 02:24:40.854] [Worker-Main-3/DEBUG] [oshi.util.FileUtil/]: Reading file /sys/devices/system/cpu/cpu0/topology/core_id
[31Dec2025 02:24:40.854] [Worker-Main-3/DEBUG] [oshi.util.FileUtil/]: Reading file /sys/devices/system/cpu/cpu0/topology/core_id
[31Dec2025 02:24:40.854] [Worker-Main-3/DEBUG] [oshi.util.FileUtil/]: Reading file /sys/devices/system/cpu/cpu0/topology/physical_package_id
[31Dec2025 02:24:40.854] [Worker-Main-3/DEBUG] [oshi.util.FileUtil/]: Reading file /sys/devices/system/cpu/cpu0/topology/physical_package_id
[31Dec2025 02:24:40.854] [Worker-Main-3/DEBUG] [oshi.util.FileUtil/]: Reading file /sys/devices/system/cpu/cpu0/cpu_capacity
[31Dec2025 02:24:40.855] [Worker-Main-3/DEBUG] [oshi.util.FileUtil/]: Reading file /sys/devices/system/cpu/cpu1/topology/core_id
[31Dec2025 02:24:40.855] [Worker-Main-3/DEBUG] [oshi.util.FileUtil/]: Reading file /sys/devices/system/cpu/cpu1/topology/core_id
[31Dec2025 02:24:40.855] [Worker-Main-3/DEBUG] [oshi.util.FileUtil/]: Reading file /sys/devices/system/cpu/cpu1/topology/physical_package_id
[31Dec2025 02:24:40.855] [Worker-Main-3/DEBUG] [oshi.util.FileUtil/]: Reading file /sys/devices/system/cpu/cpu1/topology/physical_package_id
[31Dec2025 02:24:40.855] [Worker-Main-3/DEBUG] [oshi.util.FileUtil/]: Reading file /sys/devices/system/cpu/cpu1/cpu_capacity
[31Dec2025 02:24:40.855] [Worker-Main-3/DEBUG] [oshi.util.FileUtil/]: Reading file /sys/devices/system/cpu/cpu2/topology/core_id
[31Dec2025 02:24:40.855] [Worker-Main-3/DEBUG] [oshi.util.FileUtil/]: Reading file /sys/devices/system/cpu/cpu2/topology/core_id
[31Dec2025 02:24:40.855] [Worker-Main-3/DEBUG] [oshi.util.FileUtil/]: Reading file /sys/devices/system/cpu/cpu2/topology/physical_package_id
[31Dec2025 02:24:40.855] [Worker-Main-3/DEBUG] [oshi.util.FileUtil/]: Reading file /sys/devices/system/cpu/cpu2/topology/physical_package_id
[31Dec2025 02:24:40.855] [Worker-Main-3/DEBUG] [oshi.util.FileUtil/]: Reading file /sys/devices/system/cpu/cpu2/cpu_capacity
[31Dec2025 02:24:40.856] [Worker-Main-3/DEBUG] [oshi.util.FileUtil/]: Reading file /sys/devices/system/cpu/cpu3/topology/core_id
[31Dec2025 02:24:40.856] [Worker-Main-3/DEBUG] [oshi.util.FileUtil/]: Reading file /sys/devices/system/cpu/cpu3/topology/core_id
[31Dec2025 02:24:40.856] [Worker-Main-3/DEBUG] [oshi.util.FileUtil/]: Reading file /sys/devices/system/cpu/cpu3/topology/physical_package_id
[31Dec2025 02:24:40.856] [Worker-Main-3/DEBUG] [oshi.util.FileUtil/]: Reading file /sys/devices/system/cpu/cpu3/topology/physical_package_id
[31Dec2025 02:24:40.856] [Worker-Main-3/DEBUG] [oshi.util.FileUtil/]: Reading file /sys/devices/system/cpu/cpu3/cpu_capacity
[31Dec2025 02:24:40.856] [Worker-Main-3/DEBUG] [oshi.util.FileUtil/]: Reading file /proc/cpuinfo
[31Dec2025 02:24:40.874] [Worker-Main-3/DEBUG] [oshi.util.FileUtil/]: Reading file /proc/self/auxv
[31Dec2025 02:24:40.875] [Worker-Main-3/DEBUG] [oshi.util.FileUtil/]: No oshi.architecture.properties file found from ClassLoader cpw.mods.modlauncher.TransformingClassLoader@4a8a0099
[31Dec2025 02:24:40.875] [Worker-Main-3/DEBUG] [oshi.util.FileUtil/]: No oshi.architecture.properties file found from ClassLoader jdk.internal.loader.ClassLoaders$AppClassLoader@76ed5528
[31Dec2025 02:24:40.884] [Worker-Main-3/DEBUG] [oshi.util.FileUtil/]: Reading file /proc/meminfo
[31Dec2025 02:24:40.884] [Worker-Main-3/DEBUG] [oshi.util.FileUtil/]: Reading file /proc/meminfo
[31Dec2025 02:24:40.887] [Worker-Main-3/ERROR] [net.minecraft.world.level.levelgen.structure.templatesystem.StructureTemplateManager/]: Couldn't load structure mvs:houses/large_floating_island
net.minecraft.ReportedException: Loading NBT data
	at net.minecraft.nbt.CompoundTag.m_128413_(CompoundTag.java:480) ~[server-1.20.1-20230612.114412-srg.jar%23149!/:?]
	at net.minecraft.nbt.CompoundTag$1.m_7300_(CompoundTag.java:45) ~[server-1.20.1-20230612.114412-srg.jar%23149!/:?]
	at net.minecraft.nbt.CompoundTag$1.m_7300_(CompoundTag.java:32) ~[server-1.20.1-20230612.114412-srg.jar%23149!/:?]
	at net.minecraft.nbt.ListTag$1.m_7300_(ListTag.java:43) ~[server-1.20.1-20230612.114412-srg.jar%23149!/:?]
	at net.minecraft.nbt.ListTag$1.m_7300_(ListTag.java:26) ~[server-1.20.1-20230612.114412-srg.jar%23149!/:?]
	at net.minecraft.nbt.CompoundTag.m_128413_(CompoundTag.java:474) ~[server-1.20.1-20230612.114412-srg.jar%23149!/:?]
	at net.minecraft.nbt.CompoundTag$1.m_7300_(CompoundTag.java:45) ~[server-1.20.1-20230612.114412-srg.jar%23149!/:?]
	at net.minecraft.nbt.CompoundTag$1.m_7300_(CompoundTag.java:32) ~[server-1.20.1-20230612.114412-srg.jar%23149!/:?]
	at net.minecraft.nbt.NbtIo.m_128930_(NbtIo.java:153) ~[server-1.20.1-20230612.114412-srg.jar%23149!/:?]
	at net.minecraft.nbt.NbtIo.m_128934_(NbtIo.java:99) ~[server-1.20.1-20230612.114412-srg.jar%23149!/:?]
	at net.minecraft.nbt.NbtIo.m_128939_(NbtIo.java:35) ~[server-1.20.1-20230612.114412-srg.jar%23149!/:?]
	at net.minecraft.world.level.levelgen.structure.templatesystem.StructureTemplateManager.m_230377_(StructureTemplateManager.java:227) ~[server-1.20.1-20230612.114412-srg.jar%23149!/:?]
	at net.minecraft.world.level.levelgen.structure.templatesystem.StructureTemplateManager.m_230372_(StructureTemplateManager.java:217) ~[server-1.20.1-20230612.114412-srg.jar%23149!/:?]
	at net.minecraft.world.level.levelgen.structure.templatesystem.StructureTemplateManager.m_230427_(StructureTemplateManager.java:130) ~[server-1.20.1-20230612.114412-srg.jar%23149!/:?]
	at net.minecraft.world.level.levelgen.structure.templatesystem.StructureTemplateManager.m_230425_(StructureTemplateManager.java:108) ~[server-1.20.1-20230612.114412-srg.jar%23149!/:?]
	at java.util.concurrent.ConcurrentHashMap.computeIfAbsent(ConcurrentHashMap.java:1708) ~[?:?]
	at net.minecraft.world.level.levelgen.structure.templatesystem.StructureTemplateManager.m_230407_(StructureTemplateManager.java:98) ~[server-1.20.1-20230612.114412-srg.jar%23149!/:?]
	at net.minecraft.world.level.levelgen.structure.templatesystem.StructureTemplateManager.m_230359_(StructureTemplateManager.java:86) ~[server-1.20.1-20230612.114412-srg.jar%23149!/:?]
	at com.mojang.datafixers.util.Either$Left.map(Either.java:38) ~[datafixerupper-6.0.8.jar%2377!/:?]
	at net.minecraft.world.level.levelgen.structure.pools.SinglePoolElement.m_227299_(SinglePoolElement.java:81) ~[server-1.20.1-20230612.114412-srg.jar%23149!/:?]
	at net.minecraft.world.level.levelgen.structure.pools.SinglePoolElement.m_214015_(SinglePoolElement.java:115) ~[server-1.20.1-20230612.114412-srg.jar%23149!/:?]
	at com.finndog.mvs.world.structures.pieces.PieceLimitedJigsawManager.assembleJigsawStructure(PieceLimitedJigsawManager.java:106) ~[mvs-4.1.5-1.20.jar%23137!/:?]
	at com.finndog.mvs.world.structures.GenericJigsawStructure.m_214086_(GenericJigsawStructure.java:213) ~[mvs-4.1.5-1.20.jar%23137!/:?]
	at net.minecraft.world.level.levelgen.structure.Structure.m_262864_(Structure.java:156) ~[server-1.20.1-20230612.114412-srg.jar%23149!/:?]
	at net.minecraft.world.level.levelgen.structure.Structure.m_226596_(Structure.java:86) ~[server-1.20.1-20230612.114412-srg.jar%23149!/:?]
	at net.minecraft.world.level.chunk.ChunkGenerator.m_223104_(ChunkGenerator.java:513) ~[server-1.20.1-20230612.114412-srg.jar%23149!/:?]
	at net.minecraft.world.level.chunk.ChunkGenerator.m_254811_(ChunkGenerator.java:466) ~[server-1.20.1-20230612.114412-srg.jar%23149!/:?]
	at java.lang.Iterable.forEach(Iterable.java:75) ~[?:?]
	at net.minecraft.world.level.chunk.ChunkGenerator.m_255037_(ChunkGenerator.java:448) ~[server-1.20.1-20230612.114412-srg.jar%23149!/:?]
	at net.minecraft.world.level.chunk.ChunkStatus.m_289181_(ChunkStatus.java:54) ~[server-1.20.1-20230612.114412-srg.jar%23149!/:?]
	at net.minecraft.world.level.chunk.ChunkStatus.m_280308_(ChunkStatus.java:252) ~[server-1.20.1-20230612.114412-srg.jar%23149!/:?]
	at net.minecraft.server.level.ChunkMap.lambda$scheduleChunkGeneration$27(ChunkMap.java:643) ~[server-1.20.1-20230612.114412-srg.jar%23149!/:?]
	at com.mojang.datafixers.util.Either$Left.map(Either.java:38) ~[datafixerupper-6.0.8.jar%2377!/:?]
	at net.minecraft.server.level.ChunkMap.lambda$scheduleChunkGeneration$29(ChunkMap.java:634) ~[server-1.20.1-20230612.114412-srg.jar%23149!/:?]
	at java.util.concurrent.CompletableFuture$UniCompose.tryFire(CompletableFuture.java:1150) ~[?:?]
	at java.util.concurrent.CompletableFuture$Completion.run(CompletableFuture.java:482) ~[?:?]
	at net.minecraft.server.level.ChunkTaskPriorityQueueSorter.m_143188_(ChunkTaskPriorityQueueSorter.java:62) ~[server-1.20.1-20230612.114412-srg.jar%23149!/:?]
	at net.minecraft.util.thread.ProcessorMailbox.m_18759_(ProcessorMailbox.java:91) ~[server-1.20.1-20230612.114412-srg.jar%23149!/:?]
	at net.minecraft.util.thread.ProcessorMailbox.m_18747_(ProcessorMailbox.java:146) ~[server-1.20.1-20230612.114412-srg.jar%23149!/:?]
	at net.minecraft.util.thread.ProcessorMailbox.run(ProcessorMailbox.java:102) ~[server-1.20.1-20230612.114412-srg.jar%23149!/:?]
	at java.util.concurrent.ForkJoinTask$RunnableExecuteAction.exec(ForkJoinTask.java:1395) ~[?:?]
	at java.util.concurrent.ForkJoinTask.doExec(ForkJoinTask.java:373) ~[?:?]
	at java.util.concurrent.ForkJoinPool$WorkQueue.topLevelExec(ForkJoinPool.java:1182) ~[?:?]
	at java.util.concurrent.ForkJoinPool.scan(ForkJoinPool.java:1655) ~[?:?]
	at java.util.concurrent.ForkJoinPool.runWorker(ForkJoinPool.java:1622) ~[?:?]
	at java.util.concurrent.ForkJoinWorkerThread.run(ForkJoinWorkerThread.java:165) ~[?:?]
Caused by: java.io.IOException: Invalid tag id: 16
	at net.minecraft.nbt.TagType$1.m_197591_(TagType.java:58) ~[server-1.20.1-20230612.114412-srg.jar%23149!/:?]
	at net.minecraft.nbt.TagType$1.m_7300_(TagType.java:63) ~[server-1.20.1-20230612.114412-srg.jar%23149!/:?]
	at net.minecraft.nbt.TagType$1.m_7300_(TagType.java:56) ~[server-1.20.1-20230612.114412-srg.jar%23149!/:?]
	at net.minecraft.nbt.CompoundTag.m_128413_(CompoundTag.java:474) ~[server-1.20.1-20230612.114412-srg.jar%23149!/:?]
	... 45 more
[31Dec2025 02:25:06.141] [Server thread/INFO] [net.minecraft.server.MinecraftServer/]: Prod_42 suffocated in a wall
[31Dec2025 02:25:38.487] [Server thread/INFO] [net.minecraft.server.MinecraftServer/]: Prod_42 was killed
[31Dec2025 02:25:38.488] [Server thread/INFO] [net.minecraft.server.MinecraftServer/]: [Prod_42: Killed Prod_42]
[31Dec2025 02:25:38.712] [Server thread/INFO] [net.minecraft.server.MinecraftServer/]: cat54gamer has made the advancement [Sweet Dreams]
[31Dec2025 02:25:56.381] [Server thread/INFO] [net.minecraft.server.MinecraftServer/]: [Prod_42: Teleported Prod_42 to cat54gamer]
[31Dec2025 02:25:58.834] [Server thread/INFO] [net.minecraft.server.MinecraftServer/]: Prod_42 has made the advancement [Disme A Dozen]
[31Dec2025 02:26:25.533] [Server thread/INFO] [net.minecraft.server.MinecraftServer/]: Prod_42 has made the advancement [Sweet Dreams]
[31Dec2025 02:28:40.501] [Server thread/DEBUG] [net.minecraftforge.common.ForgeHooks/WP]: Gathering id map for writing to world save world
[31Dec2025 02:28:40.508] [Server thread/DEBUG] [net.minecraftforge.common.ForgeHooks/WP]: ID Map collection complete world
[31Dec2025 02:28:55.652] [Server thread/INFO] [net.minecraft.server.MinecraftServer/]: Prod_42 has made the advancement [Suit Up]
[31Dec2025 02:28:57.300] [Server thread/INFO] [net.minecraft.server.MinecraftServer/]: Prod_42 has made the advancement [Isn't It Iron Pick]
[31Dec2025 02:28:58.057] [Server thread/INFO] [net.minecraft.server.MinecraftServer/]: cat54gamer has made the advancement [Pic-A-Nic Basket?]
[31Dec2025 02:29:05.061] [Server thread/INFO] [net.minecraft.server.MinecraftServer/]: Prod_42 has made the advancement [Ice Bucket Challenge]
[31Dec2025 02:29:25.811] [Server thread/INFO] [net.minecraft.server.MinecraftServer/]: Prod_42 has made the advancement [Stone Age]
[31Dec2025 02:29:27.128] [Worker-Main-2/WARN] [net.minecraft.world.entity.EntityType/]: Skipping Entity with id 
[31Dec2025 02:31:11.277] [Server thread/INFO] [net.minecraft.world.entity.npc.Villager/]: Villager Villager['Villager'/12060, l='ServerLevel[world]', x=0.73, y=70.00, z=-1091.97] died, message: 'Villager hit the ground too hard'
[31Dec2025 02:32:15.215] [Worker-Main-3/ERROR] [net.minecraft.world.entity.decoration.HangingEntity/]: Hanging entity at invalid position: BlockPos{x=124, y=-23, z=87}
[31Dec2025 02:32:16.498] [Worker-Main-1/ERROR] [net.minecraft.world.entity.decoration.HangingEntity/]: Hanging entity at invalid position: BlockPos{x=114, y=-23, z=87}
[31Dec2025 02:32:28.967] [Worker-Main-2/ERROR] [net.minecraft.world.entity.decoration.HangingEntity/]: Hanging entity at invalid position: BlockPos{x=124, y=-23, z=87}
[31Dec2025 02:32:28.967] [Worker-Main-2/ERROR] [net.minecraft.world.entity.decoration.HangingEntity/]: Hanging entity at invalid position: BlockPos{x=114, y=-23, z=87}
[31Dec2025 02:33:21.577] [Server thread/INFO] [net.minecraft.world.entity.npc.Villager/]: Villager Villager['Toolsmith'/21199, l='ServerLevel[world]', x=-1084.45, y=245.50, z=-2179.56] died, message: 'Toolsmith tried to swim in lava'
[31Dec2025 02:33:30.228] [Server thread/INFO] [net.minecraft.server.MinecraftServer/]: Prod_42 has made the advancement [Diamonds!]
[31Dec2025 02:33:32.064] [Server thread/INFO] [net.minecraft.server.MinecraftServer/]: Prod_42 has made the advancement [Acquire Hardware]
[31Dec2025 02:33:40.474] [Server thread/DEBUG] [net.minecraftforge.common.ForgeHooks/WP]: Gathering id map for writing to world save world
[31Dec2025 02:33:40.479] [Server thread/DEBUG] [net.minecraftforge.common.ForgeHooks/WP]: ID Map collection complete world
[31Dec2025 02:33:52.107] [Server thread/INFO] [net.minecraft.server.MinecraftServer/]: cat54gamer has made the advancement [Close Quarters]
[31Dec2025 02:34:19.441] [Server thread/INFO] [net.minecraft.server.MinecraftServer/]: [cat54gamer: Gave 1 [Music Disc] to Prod_42]
[31Dec2025 02:34:48.202] [Server thread/INFO] [net.minecraft.server.MinecraftServer/]: cat54gamer has made the advancement [Ice Bucket Challenge]
[31Dec2025 02:37:43.729] [Server thread/INFO] [net.minecraft.server.MinecraftServer/]: cat54gamer has made the advancement [Take Aim]
[31Dec2025 02:38:40.475] [Server thread/DEBUG] [net.minecraftforge.common.ForgeHooks/WP]: Gathering id map for writing to world save world
[31Dec2025 02:38:40.481] [Server thread/DEBUG] [net.minecraftforge.common.ForgeHooks/WP]: ID Map collection complete world
[31Dec2025 02:40:36.777] [Server thread/INFO] [net.minecraft.server.MinecraftServer/]: Prod_42 has made the advancement [Monster Hunter]
[31Dec2025 02:41:08.550] [Server thread/INFO] [net.minecraft.server.MinecraftServer/]: cat54gamer has made the advancement [Penteconter]
[31Dec2025 02:41:11.324] [Server thread/INFO] [net.minecraft.server.MinecraftServer/]: Prod_42 has made the advancement [Close Quarters]
[31Dec2025 02:42:22.523] [Server thread/INFO] [net.minecraft.server.MinecraftServer/]: [cat54gamer: Gamerule keepInventory is now set to: true]
[31Dec2025 02:43:40.461] [Server thread/DEBUG] [net.minecraftforge.common.ForgeHooks/WP]: Gathering id map for writing to world save world
[31Dec2025 02:43:40.466] [Server thread/DEBUG] [net.minecraftforge.common.ForgeHooks/WP]: ID Map collection complete world
[31Dec2025 02:43:42.024] [Server thread/INFO] [net.minecraft.server.MinecraftServer/]: Prod_42 was slain by Bison
[31Dec2025 02:46:12.888] [Server thread/INFO] [net.minecraft.server.MinecraftServer/]: [cat54gamer: Teleported cat54gamer to Prod_42]
[31Dec2025 02:46:58.281] [Server thread/INFO] [net.minecraft.server.MinecraftServer/]: [Not Secure] <Prod_42> \tp end
[31Dec2025 02:47:11.681] [Server thread/INFO] [net.minecraft.server.MinecraftServer/]: [Not Secure] <cat54gamer> matar dragon del ender
[31Dec2025 02:48:24.999] [Server thread/INFO] [net.minecraft.server.MinecraftServer/]: [Prod_42: Summoned new Ender Dragon]
[31Dec2025 02:48:40.474] [Server thread/DEBUG] [net.minecraftforge.common.ForgeHooks/WP]: Gathering id map for writing to world save world
[31Dec2025 02:48:40.479] [Server thread/DEBUG] [net.minecraftforge.common.ForgeHooks/WP]: ID Map collection complete world
[31Dec2025 02:48:41.155] [Server thread/INFO] [net.minecraft.server.MinecraftServer/]: [cat54gamer: Applied effect Resistance to cat54gamer]
[31Dec2025 02:48:43.034] [Server thread/INFO] [net.minecraft.server.MinecraftServer/]: [cat54gamer: Teleported cat54gamer to Prod_42]
[31Dec2025 02:49:10.610] [Server thread/INFO] [net.minecraft.server.MinecraftServer/]: [cat54gamer: Applied effect Strength to Prod_42]
